,No.,Ticker,Company,Sector,Industry,Country,Market Cap,P/E,Price,Change,Volume
0,1,A,"Agilent Technologies, Inc.",Healthcare,Diagnostics & Research,USA,35.81B,26.67,121.13,-0.08%,3939930
1,2,AAL,American Airlines Group Inc.,Industrials,Airlines,USA,10.87B,6.24,16.48,-1.02%,22625167
2,3,AAPL,Apple Inc.,Technology,Consumer Electronics,USA,2925.70B,31.42,184.92,-0.59%,95747006
3,4,ABBV,AbbVie Inc.,Healthcare,Drug Manufacturers - General,USA,239.75B,32.71,138.64,2.02%,14593437
4,5,ABC,AmerisourceBergen Corporation,Healthcare,Medical Distribution,USA,36.83B,23.51,183.01,0.62%,2000327
5,6,ABEV,Ambev S.A.,Consumer Defensive,Beverages - Brewers,Brazil,49.75B,16.01,3.09,-1.28%,20356797
6,7,ABNB,"Airbnb, Inc.",Consumer Cyclical,Travel Services,USA,81.75B,42.88,128.68,0.65%,6883826
7,8,ABT,Abbott Laboratories,Healthcare,Medical Devices,USA,182.62B,32.19,106.2,1.12%,10012623
8,9,ACGL,Arch Capital Group Ltd.,Financial,Insurance - Diversified,Bermuda,26.13B,13.71,71.16,1.44%,3296161
9,10,ACGLN,Arch Capital Group Ltd.,Financial,Insurance - Diversified,Bermuda,26.50B,4.18,19.63,-0.10%,28769
10,11,ACI,"Albertsons Companies, Inc.",Consumer Defensive,Grocery Stores,USA,12.19B,9.49,21.37,0.61%,13976210
11,12,ACM,AECOM,Industrials,Engineering & Construction,USA,12.00B,28.58,86.67,0.42%,2080228
12,13,ACN,Accenture plc,Technology,Information Technology Services,Ireland,204.47B,29.41,319.54,-1.31%,5259178
13,14,ADBE,Adobe Inc.,Technology,Software - Infrastructure,USA,225.18B,47.28,495.18,0.87%,13324076
14,15,ADI,"Analog Devices, Inc.",Technology,Semiconductors,USA,95.10B,26.69,188.36,-0.69%,6886920
15,16,ADM,Archer-Daniels-Midland Company,Consumer Defensive,Farm Products,USA,40.61B,9.47,75.48,1.23%,5522403
16,17,ADP,"Automatic Data Processing, Inc.",Industrials,Staffing & Employment Services,USA,91.29B,28.27,221.32,0.16%,3335514
17,18,ADSK,"Autodesk, Inc.",Technology,Software - Application,USA,47.32B,55.38,213.5,-3.58%,3287110
18,19,AEE,Ameren Corporation,Utilities,Utilities - Regulated Electric,USA,22.05B,20.16,84.08,0.13%,2812984
19,20,AEG,Aegon N.V.,Financial,Insurance - Diversified,Netherlands,10.29B,-,4.79,-2.44%,1361677
20,21,AEM,Agnico Eagle Mines Limited,Basic Materials,Gold,Canada,24.80B,10.02,51.0,1.15%,3136496
21,22,AEP,"American Electric Power Company, Inc.",Utilities,Utilities - Regulated Electric,USA,43.70B,21.99,84.93,0.06%,5314597
22,23,AER,AerCap Holdings N.V.,Industrials,Rental & Leasing Services,Ireland,14.63B,8.67,61.2,-0.67%,1192506
23,24,AES,The AES Corporation,Utilities,Utilities - Diversified,USA,14.38B,-,21.34,-0.70%,12276062
24,25,AESC,The AES Corporation,Utilities,Utilities - Diversified,USA,14.28B,-,83.04,-0.29%,49825
25,26,AFL,Aflac Incorporated,Financial,Insurance - Life,USA,42.15B,10.04,69.43,-0.47%,5584958
26,27,AGR,"Avangrid, Inc.",Utilities,Utilities - Regulated Electric,USA,14.98B,21.98,38.66,-0.18%,893338
27,28,AIG,"American International Group, Inc.",Financial,Insurance - Diversified,USA,40.98B,7.47,57.3,1.20%,10315800
28,29,AJG,Arthur J. Gallagher & Co.,Financial,Insurance Brokers,USA,45.76B,39.69,213.78,0.07%,1553878
29,30,AKAM,"Akamai Technologies, Inc.",Technology,Software - Infrastructure,USA,14.01B,28.92,91.5,-0.62%,3710643
30,31,ALB,Albemarle Corporation,Basic Materials,Specialty Chemicals,USA,27.10B,7.32,228.17,-1.19%,2347804
31,32,ALC,Alcon Inc.,Healthcare,Medical Instruments & Supplies,Switzerland,39.97B,116.10,81.27,0.47%,929124
32,33,ALGN,"Align Technology, Inc.",Healthcare,Medical Devices,USA,25.50B,81.73,330.29,-0.87%,1257852
33,34,ALL,The Allstate Corporation,Financial,Insurance - Property & Casualty,USA,29.06B,-,111.17,0.57%,3777524
34,35,ALLE,Allegion plc,Industrials,Security & Protection Services,Ireland,10.46B,21.38,118.43,-0.43%,2881474
35,36,ALNY,"Alnylam Pharmaceuticals, Inc.",Healthcare,Biotechnology,USA,25.20B,-,201.57,-0.38%,847459
36,37,AMAT,"Applied Materials, Inc.",Technology,Semiconductor Equipment & Materials,USA,117.66B,18.32,138.93,-0.84%,8842976
37,38,AMCR,Amcor plc,Consumer Cyclical,Packaging & Containers,Switzerland,15.13B,15.85,10.35,0.68%,19427395
38,39,AMD,"Advanced Micro Devices, Inc.",Technology,Semiconductors,USA,200.07B,498.26,120.08,-3.35%,81648013
39,40,AME,"AMETEK, Inc.",Industrials,Specialty Industrial Machinery,USA,36.11B,30.20,155.91,-0.50%,1748880
40,41,AMGN,Amgen Inc.,Healthcare,Drug Manufacturers - General,USA,122.06B,15.60,229.66,0.53%,6760699
41,42,AMH,American Homes 4 Rent,Real Estate,REIT - Residential,USA,12.78B,40.32,35.4,0.28%,4753384
42,43,AMP,"Ameriprise Financial, Inc.",Financial,Asset Management,USA,33.92B,16.51,325.0,-0.18%,936930
43,44,AMT,American Tower Corporation,Real Estate,REIT - Specialty,USA,90.54B,64.23,192.89,-0.71%,3281162
44,45,AMX,"America Movil, S.A.B. de C.V.",Communication Services,Telecom Services,Mexico,70.29B,14.75,22.02,-0.90%,1114980
45,46,AMZN,"Amazon.com, Inc.",Consumer Cyclical,Internet Retail,USA,1304.19B,304.59,125.49,-1.27%,83469181
46,47,ANET,"Arista Networks, Inc.",Technology,Computer Hardware,USA,50.39B,32.83,157.79,-3.47%,4497419
47,48,ANSS,"ANSYS, Inc.",Technology,Software - Application,USA,29.19B,52.83,334.37,-0.72%,886679
48,49,AON,Aon plc,Financial,Insurance Brokers,Ireland,67.62B,26.42,329.38,-0.51%,1463286
49,50,AOS,A. O. Smith Corporation,Industrials,Specialty Industrial Machinery,USA,10.61B,45.51,71.0,0.69%,1763806
50,51,APA,APA Corporation,Energy,Oil & Gas E&P,USA,10.70B,5.56,34.38,-0.84%,9091358
51,52,APD,"Air Products and Chemicals, Inc.",Basic Materials,Specialty Chemicals,USA,64.59B,30.14,293.17,0.83%,1809753
52,53,APH,Amphenol Corporation,Technology,Electronic Components,USA,48.74B,26.57,82.15,0.34%,3715840
53,54,APLS,"Apellis Pharmaceuticals, Inc.",Healthcare,Biotechnology,USA,10.43B,-,89.27,-0.37%,2001521
54,55,APO,"Apollo Global Management, Inc.",Financial,Asset Management,USA,43.91B,-,77.08,-0.40%,4105090
55,56,APTV,Aptiv PLC,Consumer Cyclical,Auto Parts,Ireland,27.40B,45.55,101.44,0.16%,3239850
56,57,ARCC,Ares Capital Corporation,Financial,Asset Management,USA,10.17B,14.71,18.68,0.16%,8978360
57,58,ARE,"Alexandria Real Estate Equities, Inc.",Real Estate,REIT - Office,USA,20.96B,25.36,115.45,-4.70%,2916077
58,59,ARES,Ares Management Corporation,Financial,Asset Management,USA,28.48B,84.01,94.43,-0.88%,1798428
59,60,ARGX,argenx SE,Healthcare,Biotechnology,Netherlands,21.99B,-,399.94,0.99%,187463
60,61,ARMK,Aramark,Industrials,Specialty Business Services,USA,10.48B,42.89,40.53,0.77%,3285311
61,62,ASML,ASML Holding N.V.,Technology,Semiconductor Equipment & Materials,Netherlands,297.31B,37.87,721.88,-2.28%,1336013
62,63,ASX,"ASE Technology Holding Co., Ltd.",Technology,Semiconductors,Taiwan,18.00B,10.65,8.85,-1.01%,6981151
63,64,ATO,Atmos Energy Corporation,Utilities,Utilities - Regulated Gas,USA,16.98B,20.10,117.0,-0.42%,1510044
64,65,ATVI,"Activision Blizzard, Inc.",Communication Services,Electronic Gaming & Multimedia,USA,64.03B,34.88,81.97,0.64%,12232423
65,66,AU,AngloGold Ashanti Limited,Basic Materials,Gold,South Africa,10.37B,34.17,24.16,-1.63%,4446923
66,67,AVB,"AvalonBay Communities, Inc.",Real Estate,REIT - Residential,USA,27.05B,26.41,192.45,1.01%,1635482
67,68,AVGO,Broadcom Inc.,Technology,Semiconductors,USA,364.58B,27.16,868.11,-1.73%,6824997
68,69,AVTR,"Avantor, Inc.",Basic Materials,Specialty Chemicals,USA,13.43B,22.22,19.95,0.25%,8557076
69,70,AVY,Avery Dennison Corporation,Consumer Cyclical,Packaging & Containers,USA,13.65B,20.59,171.09,1.19%,921733
70,71,AWK,"American Water Works Company, Inc.",Utilities,Utilities - Regulated Water,USA,28.82B,32.74,148.98,0.60%,2040747
71,72,AXON,"Axon Enterprise, Inc.",Industrials,Aerospace & Defense,USA,14.93B,107.47,202.36,0.13%,3199447
72,73,AXP,American Express Company,Financial,Credit Services,USA,129.18B,18.04,172.21,-0.92%,4613584
73,74,AZN,AstraZeneca PLC,Healthcare,Drug Manufacturers - General,United Kingdom,229.31B,49.88,75.22,0.80%,4899807
74,75,AZO,"AutoZone, Inc.",Consumer Cyclical,Specialty Retail,USA,45.34B,19.60,2493.83,-0.14%,417251
75,76,AZPN,"Aspen Technology, Inc.",Technology,Software - Application,USA,10.82B,-,167.33,0.31%,488136
76,77,BA,The Boeing Company,Industrials,Aerospace & Defense,USA,132.00B,-,219.99,0.26%,7771621
77,78,BABA,Alibaba Group Holding Limited,Consumer Cyclical,Internet Retail,China,238.57B,23.71,92.1,-0.11%,24987197
78,79,BAC,Bank of America Corporation,Financial,Banks - Diversified,USA,234.05B,8.80,29.19,-0.61%,51849290
79,80,BAH,Booz Allen Hamilton Holding Corporation,Industrials,Consulting Services,USA,14.05B,53.58,108.61,1.15%,1171995
80,81,BALL,Ball Corporation,Consumer Cyclical,Packaging & Containers,USA,17.14B,41.15,58.43,7.23%,11536699
81,82,BAM,Brookfield Asset Management Ltd.,Financial,Asset Management,Canada,13.96B,6.61,33.26,-1.77%,2063425
82,83,BAP,Credicorp Ltd.,Financial,Banks - Regional,Peru,14.01B,8.87,149.29,0.60%,610284
83,84,BATRA,The Liberty Braves Group,Communication Services,Entertainment,USA,30.69B,-,41.33,-0.12%,184625
84,85,BATRK,The Liberty Braves Group,Communication Services,Entertainment,USA,30.28B,-,39.73,-0.95%,250946
85,86,BAX,Baxter International Inc.,Healthcare,Medical Instruments & Supplies,USA,22.49B,-,45.36,2.02%,7916070
86,87,BBD,Banco Bradesco S.A.,Financial,Banks - Regional,Brazil,34.76B,10.32,3.51,-0.28%,21857921
87,88,BBVA,"Banco Bilbao Vizcaya Argentaria, S.A.",Financial,Banks - Diversified,Spain,43.97B,6.55,7.45,0.81%,1079221
88,89,BBY,"Best Buy Co., Inc.",Consumer Cyclical,Specialty Retail,USA,17.23B,13.49,79.79,1.03%,6434063
89,90,BCE,BCE Inc.,Communication Services,Telecom Services,Canada,41.39B,21.50,45.7,0.64%,1814152
90,91,BCH,Banco de Chile,Financial,Banks - Regional,Chile,10.73B,6.15,21.25,0.24%,440888
91,92,BCS,Barclays PLC,Financial,Banks - Diversified,United Kingdom,30.29B,4.74,7.93,0.13%,8804747
92,93,BDX,"Becton, Dickinson and Company",Healthcare,Medical Instruments & Supplies,USA,72.75B,47.54,258.63,0.96%,1481696
93,94,BEKE,KE Holdings Inc.,Real Estate,Real Estate Services,China,20.09B,75.47,16.98,-0.59%,7937395
94,95,BEN,"Franklin Resources, Inc.",Financial,Asset Management,USA,13.67B,16.24,26.97,-1.21%,3236943
95,96,BF-A,Brown-Forman Corporation,Consumer Defensive,Beverages - Wineries & Distilleries,USA,31.60B,41.05,66.91,-0.93%,351009
96,97,BF-B,Brown-Forman Corporation,Consumer Defensive,Beverages - Wineries & Distilleries,USA,31.64B,40.12,65.4,0.31%,2667339
97,98,BG,Bunge Limited,Consumer Defensive,Farm Products,USA,14.19B,9.46,96.43,2.37%,2803253
98,99,BGNE,"BeiGene, Ltd.",Healthcare,Biotechnology,Cayman Islands,19.63B,-,200.21,-0.41%,550005
99,100,BHP,BHP Group Limited,Basic Materials,Other Industrial Metals & Mining,Australia,159.16B,8.79,63.17,-1.27%,2867132
100,101,BIDU,"Baidu, Inc.",Communication Services,Internet Content & Information,China,51.99B,26.74,145.11,-2.42%,2842350
101,102,BIIB,Biogen Inc.,Healthcare,Drug Manufacturers - General,USA,43.11B,13.82,297.48,-0.12%,1914252
102,103,BILL,"BILL Holdings, Inc.",Technology,Software - Application,USA,12.17B,-,111.26,-2.80%,2161262
103,104,BIO,"Bio-Rad Laboratories, Inc.",Healthcare,Medical Devices,USA,11.18B,-,376.56,-0.66%,513109
104,105,BIP,Brookfield Infrastructure Partners L.P.,Utilities,Utilities - Diversified,Bermuda,16.79B,442.62,35.41,-3.30%,499307
105,106,BK,The Bank of New York Mellon Corporation,Financial,Asset Management,USA,35.41B,14.12,44.65,-0.49%,12628224
106,107,BKNG,Booking Holdings Inc.,Consumer Cyclical,Travel Services,USA,98.67B,25.89,2640.99,-1.15%,828632
107,108,BKR,Baker Hughes Company,Energy,Oil & Gas Equipment & Services,USA,30.61B,-,30.57,1.09%,12498282
108,109,BLDR,"Builders FirstSource, Inc.",Industrials,Building Products & Equipment,USA,15.77B,7.83,121.41,-1.30%,7814256
109,110,BLK,"BlackRock, Inc.",Financial,Asset Management,USA,106.51B,21.79,702.78,-1.18%,1280969
110,111,BMO,Bank of Montreal,Financial,Banks - Diversified,Canada,63.96B,11.86,90.21,0.55%,489824
111,112,BMRN,BioMarin Pharmaceutical Inc.,Healthcare,Biotechnology,USA,17.99B,258.84,96.29,0.47%,1423791
112,113,BMY,Bristol-Myers Squibb Company,Healthcare,Drug Manufacturers - General,USA,135.86B,19.28,66.16,2.30%,19344176
113,114,BN,Brookfield Corporation,Financial,Asset Management,Canada,54.79B,81.80,33.54,0.27%,2642681
114,115,BNS,The Bank of Nova Scotia,Financial,Banks - Diversified,Canada,60.11B,9.80,50.16,-0.59%,1147773
115,116,BNTX,BioNTech SE,Healthcare,Biotechnology,Germany,27.23B,4.15,112.55,-0.40%,663599
116,117,BP,BP p.l.c.,Energy,Oil & Gas Integrated,United Kingdom,102.73B,3.95,35.35,-0.08%,6858310
117,118,BR,"Broadridge Financial Solutions, Inc.",Technology,Information Technology Services,USA,18.84B,34.45,160.8,0.69%,1159028
118,119,BRK-A,Berkshire Hathaway Inc.,Financial,Insurance - Diversified,USA,745.30B,98.77,514000.0,-0.46%,6534
119,120,BRK-B,Berkshire Hathaway Inc.,Financial,Insurance - Diversified,USA,739.57B,-,338.31,-0.44%,8461113
120,121,BRKR,Bruker Corporation,Healthcare,Medical Devices,USA,11.05B,35.94,75.48,0.19%,1553683
121,122,BRO,"Brown & Brown, Inc.",Financial,Insurance Brokers,USA,18.73B,27.38,66.25,0.30%,1946063
122,123,BSBR,Banco Santander (Brasil) S.A.,Financial,Banks - Regional,Brazil,23.84B,16.9,6.39,-0.16%,989826
123,124,BSX,Boston Scientific Corporation,Healthcare,Medical Devices,USA,77.61B,92.7,54.32,0.63%,13015827
124,125,BSY,"Bentley Systems, Incorporated",Technology,Software - Application,USA,15.85B,103.68,53.29,-1.35%,1724131
125,126,BTI,British American Tobacco p.l.c.,Consumer Defensive,Tobacco,United Kingdom,73.01B,8.72,32.82,-0.15%,4818460
126,127,BTO,John Hancock Financial Opportunities Fund,Financial,Closed-End Fund - Equity,USA,46.60B,88.16,27.86,1.90%,143247
127,128,BUD,Anheuser-Busch InBev SA/NV,Consumer Defensive,Beverages - Brewers,Belgium,99.87B,15.99,58.21,-0.61%,3547631
128,129,BWA,BorgWarner Inc.,Consumer Cyclical,Auto Parts,USA,11.32B,11.91,48.6,0.66%,4733941
129,130,BX,Blackstone Inc.,Financial,Asset Management,USA,112.79B,110.19,91.13,-1.64%,5652892
130,131,C,Citigroup Inc.,Financial,Banks - Diversified,USA,94.53B,6.62,48.19,-0.76%,18204030
131,132,CAG,"Conagra Brands, Inc.",Consumer Defensive,Packaged Foods,USA,16.59B,20.68,34.64,-0.43%,4595105
132,133,CAH,"Cardinal Health, Inc.",Healthcare,Medical Distribution,USA,22.70B,52.2,91.25,2.34%,5132748
133,134,CARR,Carrier Global Corporation,Industrials,Building Products & Equipment,USA,38.85B,15.89,46.88,0.73%,9582853
134,135,CAT,Caterpillar Inc.,Industrials,Farm & Heavy Construction Machinery,USA,127.64B,18.13,245.27,-0.97%,5209376
135,136,CB,Chubb Limited,Financial,Insurance - Property & Casualty,Switzerland,79.21B,15.66,194.94,1.92%,3376661
136,137,CBOE,"Cboe Global Markets, Inc.",Financial,Financial Data & Stock Exchanges,USA,14.58B,49.32,137.36,-0.52%,1108959
137,138,CBRE,"CBRE Group, Inc.",Real Estate,Real Estate Services,USA,24.45B,22.37,77.81,-1.09%,3406437
138,139,CCEP,Coca-Cola Europacific Partners PLC,Consumer Defensive,Beverages - Non-Alcoholic,United Kingdom,30.11B,18.13,65.35,-0.41%,1962455
139,140,CCI,Crown Castle Inc.,Real Estate,REIT - Specialty,USA,50.69B,29.75,114.61,-1.95%,3981529
140,141,CCJ,Cameco Corporation,Energy,Uranium,Canada,13.70B,105.51,31.76,0.38%,4296991
141,142,CCK,"Crown Holdings, Inc.",Consumer Cyclical,Packaging & Containers,USA,10.42B,17.50,88.81,2.37%,20478600
142,143,CCL,Carnival Corporation & plc,Consumer Cyclical,Travel Services,USA,20.03B,-,15.8,-1.99%,50985481
143,144,CDAY,Ceridian HCM Holding Inc.,Technology,Software - Application,USA,10.51B,-,67.08,-1.06%,2256607
144,145,CDNS,"Cadence Design Systems, Inc.",Technology,Software - Application,USA,64.84B,75.52,235.84,-0.81%,5005890
145,146,CDW,CDW Corporation,Technology,Information Technology Services,USA,24.02B,22.32,178.15,-0.03%,1527771
146,147,CE,Celanese Corporation,Basic Materials,Chemicals,USA,12.71B,8.34,114.0,-2.40%,2258082
147,148,CEG,Constellation Energy Corporation,Utilities,Utilities - Renewable,USA,30.32B,-,92.89,-0.61%,4961890
148,149,CELH,"Celsius Holdings, Inc.",Consumer Defensive,Beverages - Non-Alcoholic,USA,11.11B,-,144.44,-0.21%,861068
149,150,CF,"CF Industries Holdings, Inc.",Basic Materials,Agricultural Inputs,USA,13.66B,4.76,71.27,1.70%,5873223
150,151,CFG,"Citizens Financial Group, Inc.",Financial,Banks - Regional,USA,13.40B,6.55,27.26,-1.55%,11758540
151,152,CFLT,"Confluent, Inc.",Technology,Software - Infrastructure,USA,10.21B,-,34.69,0.58%,7960687
152,153,CG,The Carlyle Group Inc.,Financial,Asset Management,USA,11.45B,15.25,31.38,-0.73%,3510520
153,154,CHD,"Church & Dwight Co., Inc.",Consumer Defensive,Household & Personal Products,USA,23.41B,57.44,96.16,0.33%,1825099
154,155,CHDN,Churchill Downs Incorporated,Consumer Cyclical,Gambling,USA,10.21B,18.92,136.39,-0.95%,642757
155,156,CHK,Chesapeake Energy Corporation,Energy,Oil & Gas E&P,USA,10.91B,1.73,82.36,1.02%,1056924
156,157,CHKP,Check Point Software Technologies Ltd.,Technology,Software - Infrastructure,Israel,15.75B,19.86,130.91,0.35%,1587270
157,158,CHRW,"C.H. Robinson Worldwide, Inc.",Industrials,Integrated Freight & Logistics,USA,11.11B,15.25,94.62,-0.78%,1840603
158,159,CHT,"Chunghwa Telecom Co., Ltd.",Communication Services,Telecom Services,Taiwan,31.75B,26.37,40.88,-0.29%,138395
159,160,CHTR,"Charter Communications, Inc.",Communication Services,Telecom Services,USA,51.63B,11.18,341.24,-0.47%,1720985
160,161,CHWY,"Chewy, Inc.",Consumer Cyclical,Internet Retail,USA,17.32B,322.28,39.64,-2.17%,3982761
161,162,CI,The Cigna Group,Healthcare,Healthcare Plans,USA,79.73B,12.26,268.83,-0.24%,2894785
162,163,CINF,Cincinnati Financial Corporation,Financial,Insurance - Property & Casualty,USA,15.78B,668.21,100.9,0.50%,2512223
163,164,CL,Colgate-Palmolive Company,Consumer Defensive,Household & Personal Products,USA,63.71B,40.77,77.78,1.28%,7364899
164,165,CLX,The Clorox Company,Consumer Defensive,Household & Personal Products,USA,19.16B,263.54,156.54,1.02%,1620715
165,166,CM,Canadian Imperial Bank of Commerce,Financial,Banks - Diversified,Canada,39.76B,11.25,44.15,0.59%,2956385
166,167,CMCSA,Comcast Corporation,Communication Services,Telecom Services,USA,172.88B,31.24,41.2,-0.65%,33882710
167,168,CME,CME Group Inc.,Financial,Financial Data & Stock Exchanges,USA,65.55B,23.39,184.11,1.04%,3637833
168,169,CMG,"Chipotle Mexican Grill, Inc.",Consumer Cyclical,Restaurants,USA,56.60B,55.00,2032.92,-0.91%,343603
169,170,CMI,Cummins Inc.,Industrials,Specialty Industrial Machinery,USA,33.58B,13.29,235.81,-0.58%,1788610
170,171,CMS,CMS Energy Corporation,Utilities,Utilities - Regulated Electric,USA,17.80B,28.77,60.74,-0.46%,2644767
171,172,CNA,CNA Financial Corporation,Financial,Insurance - Property & Casualty,USA,10.36B,11.94,38.51,0.71%,508950
172,173,CNC,Centene Corporation,Healthcare,Healthcare Plans,USA,36.28B,24.91,65.66,-0.70%,5622573
173,174,CNHI,CNH Industrial N.V.,Industrials,Farm & Heavy Construction Machinery,United Kingdom,19.90B,9.08,14.53,-0.21%,4575350
174,175,CNI,Canadian National Railway Company,Industrials,Railroads,Canada,79.55B,19.76,118.95,0.84%,1637766
175,176,CNP,"CenterPoint Energy, Inc.",Utilities,Utilities - Regulated Electric,USA,18.47B,22.98,29.18,-0.31%,6640359
176,177,CNQ,Canadian Natural Resources Limited,Energy,Oil & Gas E&P,Canada,61.57B,8.59,55.01,-1.06%,1546003
177,178,COF,Capital One Financial Corporation,Financial,Credit Services,USA,42.63B,7.59,110.07,-1.42%,4275906
178,179,COIN,"Coinbase Global, Inc.",Financial,Financial Data & Stock Exchanges,USA,12.73B,-,55.59,2.47%,13699144
179,180,COO,"The Cooper Companies, Inc.",Healthcare,Medical Instruments & Supplies,USA,18.20B,63.29,367.41,-0.04%,628289
180,181,COP,ConocoPhillips,Energy,Oil & Gas E&P,USA,126.03B,8.37,104.92,0.74%,9904786
181,182,COST,Costco Wholesale Corporation,Consumer Defensive,Discount Stores,USA,234.51B,38.79,523.65,-1.05%,3140937
182,183,COTY,Coty Inc.,Consumer Defensive,Household & Personal Products,USA,10.62B,66.52,12.44,-0.08%,6694373
183,184,CP,Canadian Pacific Kansas City Limited,Industrials,Railroads,Canada,96.36B,19.66,78.52,0.11%,1816780
184,185,CPB,Campbell Soup Company,Consumer Defensive,Packaged Foods,USA,13.84B,17.79,46.42,-0.04%,3679510
185,186,CPNG,"Coupang, Inc.",Consumer Cyclical,Internet Retail,USA,30.19B,148.97,17.28,1.83%,9375071
186,187,CPRT,"Copart, Inc.",Industrials,Specialty Business Services,USA,41.59B,36.50,87.28,0.20%,4188973
187,188,CPT,Camden Property Trust,Real Estate,REIT - Residential,USA,11.97B,20.00,113.11,0.86%,1257790
188,189,CQP,"Cheniere Energy Partners, L.P.",Energy,Oil & Gas Midstream,USA,22.78B,6.84,47.07,2.73%,592169
189,190,CRBG,"Corebridge Financial, Inc.",Financial,Asset Management,USA,10.83B,2.51,16.47,-1.44%,2869032
190,191,CRH,CRH plc,Basic Materials,Building Materials,Ireland,38.16B,15.24,53.14,0.78%,1746004
191,192,CRL,"Charles River Laboratories International, Inc.",Healthcare,Diagnostics & Research,USA,10.69B,21.72,209.99,0.49%,667462
192,193,CRM,"Salesforce, Inc.",Technology,Software - Application,USA,206.41B,557.26,211.76,-0.08%,13661531
193,194,CRWD,"CrowdStrike Holdings, Inc.",Technology,Software - Infrastructure,USA,37.89B,-,155.14,-2.92%,6340498
194,195,CSCO,"Cisco Systems, Inc.",Technology,Communication Equipment,USA,211.62B,18.72,52.07,0.27%,37112242
195,196,CSGP,"CoStar Group, Inc.",Real Estate,Real Estate Services,USA,34.35B,91.96,84.14,0.08%,7613417
196,197,CSL,Carlisle Companies Incorporated,Industrials,Building Products & Equipment,USA,12.26B,15.12,239.58,-0.37%,979992
197,198,CSX,CSX Corporation,Industrials,Railroads,USA,68.23B,16.31,33.21,-1.04%,30031174
198,199,CTAS,Cintas Corporation,Industrials,Specialty Business Services,USA,50.07B,39.45,491.36,-0.21%,625449
199,200,CTRA,Coterra Energy Inc.,Energy,Oil & Gas E&P,USA,19.00B,4.83,25.21,0.52%,21771520
200,201,CTSH,Cognizant Technology Solutions Corporation,Technology,Information Technology Services,USA,32.85B,14.52,65.08,0.53%,5836794
201,202,CTVA,"Corteva, Inc.",Basic Materials,Agricultural Inputs,USA,41.00B,33.59,57.23,-0.78%,10088758
202,203,CUK,Carnival Corporation & plc,Consumer Cyclical,Travel Services,USA,20.03B,-,14.22,-1.46%,2442347
203,204,CVE,Cenovus Energy Inc.,Energy,Oil & Gas Integrated,Canada,32.37B,8.10,16.65,-1.83%,7694540
204,205,CVS,CVS Health Corporation,Healthcare,Healthcare Plans,USA,89.10B,22.31,67.72,-2.56%,18190479
205,206,CVX,Chevron Corporation,Energy,Oil & Gas Integrated,USA,297.71B,8.50,157.26,-0.64%,22851275
206,207,CX,"CEMEX, S.A.B. de C.V.",Basic Materials,Building Materials,Mexico,11.11B,18.18,7.2,-1.37%,7170956
207,208,CZR,"Caesars Entertainment, Inc.",Consumer Cyclical,Resorts & Casinos,USA,10.81B,-,48.84,-2.75%,3795437
208,209,D,"Dominion Energy, Inc.",Utilities,Utilities - Regulated Electric,USA,44.20B,37.11,53.33,0.87%,9863989
209,210,DAL,"Delta Air Lines, Inc.",Industrials,Airlines,USA,27.56B,14.48,42.79,-0.21%,12204599
210,211,DAR,Darling Ingredients Inc.,Consumer Defensive,Packaged Foods,USA,10.29B,14.49,65.12,0.95%,2068010
211,212,DASH,"DoorDash, Inc.",Communication Services,Internet Content & Information,USA,27.88B,-,73.26,2.09%,3657957
212,213,DB,Deutsche Bank Aktiengesellschaft,Financial,Banks - Regional,Germany,21.29B,3.92,10.42,-1.79%,3683169
213,214,DD,"DuPont de Nemours, Inc.",Basic Materials,Specialty Chemicals,USA,32.00B,31.91,69.41,-0.43%,7874417
214,215,DDOG,"Datadog, Inc.",Technology,Software - Application,USA,31.61B,-,95.75,-2.48%,4338584
215,216,DE,Deere & Company,Industrials,Farm & Heavy Construction Machinery,USA,119.19B,13.68,407.63,0.27%,2118653
216,217,DECK,Deckers Outdoor Corporation,Consumer Cyclical,Footwear & Accessories,USA,13.39B,26.41,512.72,0.14%,490384
217,218,DELL,Dell Technologies Inc.,Technology,Computer Hardware,USA,36.51B,18.86,49.67,-1.06%,9351738
218,219,DEO,Diageo plc,Consumer Defensive,Beverages - Wineries & Distilleries,United Kingdom,95.59B,21.73,173.46,-0.25%,590539
219,220,DFS,Discover Financial Services,Financial,Credit Services,USA,29.78B,7.79,115.32,-1.65%,5916613
220,221,DG,Dollar General Corporation,Consumer Defensive,Discount Stores,USA,35.90B,15.48,164.32,0.39%,4779634
221,222,DGX,Quest Diagnostics Incorporated,Healthcare,Diagnostics & Research,USA,15.37B,20.48,138.6,1.02%,2672989
222,223,DHI,"D.R. Horton, Inc.",Consumer Cyclical,Residential Construction,USA,39.36B,7.85,116.4,0.86%,6316988
223,224,DHR,Danaher Corporation,Healthcare,Diagnostics & Research,USA,179.69B,26.02,241.8,-0.70%,6380330
224,225,DIS,The Walt Disney Company,Communication Services,Entertainment,USA,169.83B,40.50,91.32,-1.74%,22641615
225,226,DKNG,DraftKings Inc.,Consumer Cyclical,Gambling,USA,11.47B,-,24.51,-1.29%,14098348
226,227,DKS,"DICK'S Sporting Goods, Inc.",Consumer Cyclical,Specialty Retail,USA,11.65B,11.74,135.1,0.02%,1463642
227,228,DLR,"Digital Realty Trust, Inc.",Real Estate,REIT - Specialty,USA,30.71B,93.00,105.18,-0.20%,4568562
228,229,DLTR,"Dollar Tree, Inc.",Consumer Defensive,Discount Stores,USA,30.51B,22.03,136.22,-1.60%,2591443
229,230,DOCU,"DocuSign, Inc.",Technology,Software - Application,USA,10.98B,-,53.85,-0.79%,5750262
230,231,DOV,Dover Corporation,Industrials,Specialty Industrial Machinery,USA,20.57B,20.14,147.73,0.44%,1529268
231,232,DOW,Dow Inc.,Basic Materials,Chemicals,USA,37.83B,13.28,53.16,-0.60%,9530598
232,233,DOX,Amdocs Limited,Technology,Software - Infrastructure,USA,11.63B,22.02,97.6,0.95%,926017
233,234,DPZ,"Domino's Pizza, Inc.",Consumer Cyclical,Restaurants,USA,11.50B,25.50,331.41,1.83%,2064234
234,235,DRI,"Darden Restaurants, Inc.",Consumer Cyclical,Restaurants,USA,20.18B,21.65,166.01,-0.51%,1926328
235,236,DT,"Dynatrace, Inc.",Technology,Software - Application,USA,15.23B,139.16,51.21,-2.18%,3588547
236,237,DTE,DTE Energy Company,Utilities,Utilities - Regulated Electric,USA,23.48B,20.22,114.12,0.18%,4874008
237,238,DUK,Duke Energy Corporation,Utilities,Utilities - Regulated Electric,USA,70.66B,18.09,92.18,0.53%,8690182
238,239,DVN,Devon Energy Corporation,Energy,Oil & Gas E&P,USA,31.83B,5.43,49.8,0.40%,16246841
239,240,DXCM,"DexCom, Inc.",Healthcare,Medical Devices,USA,50.77B,188.55,130.1,-0.67%,4306193
240,241,E,Eni S.p.A.,Energy,Oil & Gas Integrated,Italy,48.22B,3.53,28.43,-0.56%,834863
241,242,EA,Electronic Arts Inc.,Communication Services,Electronic Gaming & Multimedia,USA,35.18B,44.86,128.66,-0.26%,3122195
242,243,EBAY,eBay Inc.,Consumer Cyclical,Internet Retail,USA,24.39B,37.68,45.06,-1.23%,8588093
243,244,EBR,Centrais Eletricas Brasileiras S.A.,Utilities,Utilities - Regulated Electric,Brazil,18.91B,-,8.01,-3.03%,3037527
244,245,EBR-B,Centrais Eletricas Brasileiras S.A.,Utilities,Utilities - Regulated Electric,Brazil,18.91B,-,8.95,-5.29%,221753
245,246,EC,Ecopetrol S.A.,Energy,Oil & Gas Integrated,Colombia,21.18B,2.75,10.45,0.19%,1365594
246,247,ECL,Ecolab Inc.,Basic Materials,Specialty Chemicals,USA,51.88B,45.16,182.04,-0.10%,2509734
247,248,ED,"Consolidated Edison, Inc.",Utilities,Utilities - Regulated Electric,USA,32.24B,13.25,92.97,-0.05%,4677104
248,249,EDR,"Endeavor Group Holdings, Inc.",Communication Services,Entertainment,USA,10.74B,-,22.33,-1.11%,2333094
249,250,EFX,Equifax Inc.,Industrials,Consulting Services,USA,28.50B,48.29,229.77,-1.13%,1373090
250,251,EIX,Edison International,Utilities,Utilities - Regulated Electric,USA,26.35B,32.19,70.18,2.01%,3756051
251,252,EL,The Estee Lauder Companies Inc.,Consumer Defensive,Household & Personal Products,USA,71.27B,67.49,203.95,2.28%,5233445
252,253,ELS,"Equity LifeStyle Properties, Inc.",Real Estate,REIT - Residential,USA,12.67B,47.22,68.7,0.94%,1457025
253,254,ELV,"Elevance Health, Inc.",Healthcare,Healthcare Plans,USA,107.08B,17.24,443.21,-1.89%,2485995
254,255,EMR,Emerson Electric Co.,Industrials,Specialty Industrial Machinery,USA,50.31B,20.45,87.41,-0.70%,5519605
255,256,ENB,Enbridge Inc.,Energy,Oil & Gas Midstream,Canada,75.39B,42.02,37.48,0.62%,3618921
256,257,ENPH,"Enphase Energy, Inc.",Technology,Solar,USA,24.74B,53.69,181.81,0.72%,4622896
257,258,ENTG,"Entegris, Inc.",Technology,Semiconductor Equipment & Materials,USA,16.41B,4096.54,106.51,-2.85%,3172118
258,259,EOG,"EOG Resources, Inc.",Energy,Oil & Gas E&P,USA,65.33B,7.09,113.41,1.53%,6109452
259,260,EPAM,"EPAM Systems, Inc.",Technology,Information Technology Services,USA,13.19B,30.14,219.51,-3.66%,1465093
260,261,EPD,Enterprise Products Partners L.P.,Energy,Oil & Gas Midstream,USA,57.23B,10.43,26.39,0.27%,3729158
261,262,EQIX,"Equinix, Inc.",Real Estate,REIT - Specialty,USA,72.91B,88.18,778.61,-0.13%,904142
262,263,EQNR,Equinor ASA,Energy,Oil & Gas Integrated,Norway,97.43B,3.28,30.13,-2.02%,4548741
263,264,EQR,Equity Residential,Real Estate,REIT - Residential,USA,25.14B,27.33,66.72,0.56%,3799493
264,265,EQT,EQT Corporation,Energy,Oil & Gas E&P,USA,14.09B,3.80,39.64,1.77%,11567296
265,266,ERIC,Telefonaktiebolaget LM Ericsson (publ),Technology,Communication Equipment,Sweden,17.97B,11.08,5.43,0.18%,9769865
266,267,ERIE,Erie Indemnity Company,Financial,Insurance Brokers,USA,11.38B,40.08,216.99,-0.33%,180786
267,268,ES,Eversource Energy,Utilities,Utilities - Regulated Electric,USA,24.77B,17.29,72.08,1.51%,4268061
268,269,ESS,"Essex Property Trust, Inc.",Real Estate,REIT - Residential,USA,15.07B,31.41,236.92,0.90%,728773
269,270,ET,Energy Transfer LP,Energy,Oil & Gas Midstream,USA,39.76B,9.53,12.82,-0.16%,9260684
270,271,ETN,Eaton Corporation plc,Industrials,Specialty Industrial Machinery,Ireland,78.48B,29.84,191.26,-2.86%,6246828
271,272,ETR,Entergy Corporation,Utilities,Utilities - Regulated Electric,USA,21.61B,18.56,102.01,-0.18%,3772342
272,273,ETSY,"Etsy, Inc.",Consumer Cyclical,Internet Retail,USA,11.84B,-,94.6,-1.43%,4232949
273,274,EVRG,"Evergy, Inc.",Utilities,Utilities - Regulated Electric,USA,13.69B,17.69,59.31,-0.50%,2716179
274,275,EW,Edwards Lifesciences Corporation,Healthcare,Medical Devices,USA,55.34B,38.26,91.94,0.71%,6594329
275,276,EXAS,Exact Sciences Corporation,Healthcare,Diagnostics & Research,USA,16.85B,-,93.42,0.03%,2269490
276,277,EXC,Exelon Corporation,Utilities,Utilities - Regulated Electric,USA,40.60B,18.22,41.21,0.96%,9590593
277,278,EXPD,"Expeditors International of Washington, Inc.",Industrials,Integrated Freight & Logistics,USA,18.22B,15.55,118.83,-0.37%,3246628
278,279,EXPE,"Expedia Group, Inc.",Consumer Cyclical,Travel Services,USA,15.87B,53.99,105.87,-1.16%,3788663
279,280,EXR,Extra Space Storage Inc.,Real Estate,REIT - Industrial,USA,19.69B,22.88,145.28,-0.34%,1572912
280,281,F,Ford Motor Company,Consumer Cyclical,Auto Manufacturers,USA,57.81B,20.11,14.42,-0.21%,75215766
281,282,FANG,"Diamondback Energy, Inc.",Energy,Oil & Gas E&P,USA,22.94B,5.30,128.74,1.64%,4052750
282,283,FAST,Fastenal Company,Industrials,Industrial Distribution,USA,32.11B,29.21,56.58,0.60%,6521724
283,284,FCNCA,"First Citizens BancShares, Inc.",Financial,Banks - Regional,USA,19.99B,1.82,1282.99,-1.21%,182279
284,285,FCNCO,"First Citizens BancShares, Inc.",Financial,Banks - Regional,USA,19.66B,0.35,20.3,-1.00%,8366
285,286,FCNCP,"First Citizens BancShares, Inc.",Financial,Banks - Regional,USA,19.76B,0.34,19.74,0.41%,6075
286,287,FCX,Freeport-McMoRan Inc.,Basic Materials,Copper,USA,57.45B,22.27,39.89,-0.47%,16104764
287,288,FDS,FactSet Research Systems Inc.,Financial,Financial Data & Stock Exchanges,USA,16.18B,36.62,420.91,-0.33%,512862
288,289,FDX,FedEx Corporation,Industrials,Integrated Freight & Logistics,USA,59.43B,20.13,233.46,-1.26%,3246718
289,290,FE,FirstEnergy Corp.,Utilities,Utilities - Regulated Electric,USA,22.40B,54.64,39.07,-0.10%,6885722
290,291,FERG,Ferguson plc,Industrials,Industrial Distribution,United Kingdom,31.08B,16.81,151.07,-0.53%,2121886
291,292,FI,"Fiserv, Inc.",Technology,Information Technology Services,USA,74.29B,31.73,119.96,-0.32%,6416508
292,293,FICO,Fair Isaac Corporation,Technology,Software - Application,USA,20.05B,53.35,799.96,-0.27%,262831
293,294,FIS,"Fidelity National Information Services, Inc.",Technology,Information Technology Services,USA,32.02B,-,54.78,1.35%,6073957
294,295,FITB,Fifth Third Bancorp,Financial,Banks - Regional,USA,18.22B,7.70,26.54,-0.82%,11155224
295,296,FIVE,"Five Below, Inc.",Consumer Cyclical,Specialty Retail,USA,10.83B,39.89,190.43,-2.16%,534700
296,297,FLEX,Flex Ltd.,Technology,Electronic Components,Singapore,11.93B,15.59,26.77,-0.30%,3750427
297,298,FLT,"FLEETCOR Technologies, Inc.",Technology,Software - Infrastructure,USA,18.05B,19.40,243.63,-0.34%,672390
298,299,FMC,FMC Corporation,Basic Materials,Agricultural Inputs,USA,13.24B,16.52,106.77,0.82%,1604693
299,300,FMS,Fresenius Medical Care AG & Co. KGaA,Healthcare,Medical Care Facilities,Germany,13.96B,20.86,23.57,0.00%,1865156
300,301,FMX,"Fomento Economico Mexicano, S.A.B. de C.V.",Consumer Defensive,Beverages - Brewers,Mexico,36.43B,23.61,111.19,0.66%,280850
301,302,FND,"Floor & Decor Holdings, Inc.",Consumer Cyclical,Home Improvement Retail,USA,10.32B,34.46,96.26,-0.83%,885245
302,303,FNV,Franco-Nevada Corporation,Basic Materials,Gold,Canada,36.77B,31.34,145.74,0.57%,1308340
303,304,FOX,Fox Corporation,Communication Services,Entertainment,USA,16.47B,14.72,31.5,-0.16%,1734483
304,305,FOXA,Fox Corporation,Communication Services,Entertainment,USA,16.49B,15.92,33.64,-0.09%,10264521
305,306,FSLR,"First Solar, Inc.",Technology,Solar,USA,20.60B,489.61,188.99,-2.02%,3105346
306,307,FTNT,"Fortinet, Inc.",Technology,Software - Infrastructure,USA,57.78B,60.00,72.78,-1.10%,10912404
307,308,FTS,Fortis Inc.,Utilities,Utilities - Regulated Electric,Canada,27.32B,14.55,42.87,0.47%,663239
308,309,FTV,Fortive Corporation,Technology,Scientific & Technical Instruments,USA,25.45B,33.66,71.82,-0.21%,3688131
309,310,FWONA,Formula One Group,Communication Services,Entertainment,USA,30.69B,33.94,70.32,-1.68%,280884
310,311,FWONK,Formula One Group,Communication Services,Entertainment,USA,30.28B,42.44,78.09,-2.34%,1625131
311,312,GD,General Dynamics Corporation,Industrials,Aerospace & Defense,USA,58.97B,17.78,217.34,1.11%,1560349
312,313,GDDY,GoDaddy Inc.,Technology,Software - Infrastructure,USA,11.74B,35.95,74.91,-1.41%,3275093
313,314,GE,General Electric Company,Industrials,Specialty Industrial Machinery,USA,114.79B,15.54,106.29,0.83%,10619041
314,315,GEHC,GE HealthCare Technologies Inc.,Healthcare,Health Information Services,USA,35.97B,21.09,78.65,-0.57%,5384994
315,316,GEN,Gen Digital Inc.,Technology,Software - Infrastructure,USA,12.08B,8.79,18.63,-1.17%,10172338
316,317,GFI,Gold Fields Limited,Basic Materials,Gold,South Africa,13.43B,18.84,14.98,-0.93%,37900230
317,318,GFL,GFL Environmental Inc.,Industrials,Waste Management,Canada,18.28B,-,37.28,-0.48%,696328
318,319,GFS,GLOBALFOUNDRIES Inc.,Technology,Semiconductors,USA,34.73B,23.01,62.46,-0.76%,2639601
319,320,GGG,Graco Inc.,Industrials,Specialty Industrial Machinery,USA,14.38B,30.31,86.12,0.84%,1752900
320,321,GIB,CGI Inc.,Technology,Information Technology Services,Canada,22.28B,21.68,104.58,-0.56%,185572
321,322,GILD,"Gilead Sciences, Inc.",Healthcare,Drug Manufacturers - General,USA,98.54B,17.83,78.86,-0.18%,13975915
322,323,GIS,"General Mills, Inc.",Consumer Defensive,Packaged Foods,USA,47.41B,17.42,80.71,0.00%,5344518
323,324,GL,Globe Life Inc.,Financial,Insurance - Life,USA,10.35B,13.30,108.01,-0.29%,877458
324,325,GLPI,"Gaming and Leisure Properties, Inc.",Real Estate,REIT - Specialty,USA,13.10B,17.33,49.83,-0.24%,1686676
325,326,GLW,Corning Incorporated,Technology,Electronic Components,USA,28.77B,33.73,35.85,5.94%,21244427
326,327,GM,General Motors Company,Consumer Cyclical,Auto Manufacturers,USA,52.87B,5.87,37.96,-0.18%,14509190
327,328,GMAB,Genmab A/S,Healthcare,Biotechnology,Denmark,25.20B,32.94,38.77,0.05%,600709
328,329,GOLD,Barrick Gold Corporation,Basic Materials,Gold,Canada,28.95B,273.93,16.71,1.33%,21130784
329,330,GOOG,Alphabet Inc.,Communication Services,Internet Content & Information,USA,1571.57B,27.27,124.06,-1.38%,56622622
330,331,GOOGL,Alphabet Inc.,Communication Services,Internet Content & Information,USA,1592.38B,27.89,123.53,-1.25%,44465949
331,332,GPC,Genuine Parts Company,Consumer Cyclical,Specialty Retail,USA,22.71B,18.49,161.47,-0.11%,1381324
332,333,GPN,Global Payments Inc.,Industrials,Specialty Business Services,USA,26.71B,-,100.68,-1.25%,3751644
333,334,GRAB,Grab Holdings Limited,Technology,Software - Application,Singapore,13.37B,-,3.42,-0.58%,23693368
334,335,GRMN,Garmin Ltd.,Technology,Scientific & Technical Instruments,Switzerland,20.31B,21.17,106.0,-0.14%,1380234
335,336,GS,"The Goldman Sachs Group, Inc.",Financial,Capital Markets,USA,112.94B,12.05,338.31,-0.42%,4481390
336,337,GSK,GSK plc,Healthcare,Drug Manufacturers - General,United Kingdom,71.28B,12.47,35.15,-0.34%,5945434
337,338,GWW,"W.W. Grainger, Inc.",Industrials,Industrial Distribution,USA,37.32B,22.32,732.43,-1.54%,419238
338,339,H,Hyatt Hotels Corporation,Consumer Cyclical,Lodging,USA,11.92B,21.33,113.17,0.40%,694206
339,340,HAL,Halliburton Company,Energy,Oil & Gas Equipment & Services,USA,29.51B,15.11,32.58,-0.40%,10388206
340,341,HBAN,Huntington Bancshares Incorporated,Financial,Banks - Regional,USA,15.72B,7.07,10.92,0.28%,25608002
341,342,HBANL,Huntington Bancshares Incorporated,Financial,Banks - Regional,USA,15.76B,-,24.86,0.12%,22085
342,343,HBANP,Huntington Bancshares Incorporated,Financial,Banks - Regional,USA,15.76B,24.09,18.74,-1.11%,40466
343,344,HCA,"HCA Healthcare, Inc.",Healthcare,Medical Care Facilities,USA,78.65B,14.54,290.08,1.47%,2962332
344,345,HD,"The Home Depot, Inc.",Consumer Cyclical,Home Improvement Retail,USA,303.65B,18.29,300.38,-0.54%,10795560
345,346,HDB,HDFC Bank Limited,Financial,Banks - Regional,India,107.90B,26.15,66.45,2.86%,2832053
346,347,HEI,HEICO Corporation,Industrials,Aerospace & Defense,USA,20.02B,60.74,165.89,-0.23%,278943
347,348,HEI-A,HEICO Corporation,Industrials,Aerospace & Defense,USA,19.98B,48.55,132.54,-0.15%,361767
348,349,HES,Hess Corporation,Energy,Oil & Gas E&P,USA,41.70B,20.69,135.56,-0.18%,2568214
349,350,HIG,"The Hartford Financial Services Group, Inc.",Financial,Insurance - Diversified,USA,22.05B,12.37,71.88,1.15%,2607683
350,351,HLN,Haleon plc,Healthcare,Drug Manufacturers - Specialty & Generic,United Kingdom,37.54B,27.52,8.42,0.96%,2096395
351,352,HLT,Hilton Worldwide Holdings Inc.,Consumer Cyclical,Lodging,USA,37.22B,30.93,140.81,0.10%,2668234
352,353,HMC,"Honda Motor Co., Ltd.",Consumer Cyclical,Auto Manufacturers,Japan,58.33B,10.73,31.32,-2.13%,2601854
353,354,HOLX,"Hologic, Inc.",Healthcare,Medical Instruments & Supplies,USA,19.95B,27.08,81.2,0.20%,4133676
354,355,HON,Honeywell International Inc.,Industrials,Conglomerates,USA,135.57B,26.35,202.97,-0.37%,5002796
355,356,HPE,Hewlett Packard Enterprise Company,Technology,Communication Equipment,USA,22.54B,22.76,17.57,0.69%,24479472
356,357,HPQ,HP Inc.,Technology,Computer Hardware,USA,30.66B,11.76,31.0,-0.32%,13959223
357,358,HRL,Hormel Foods Corporation,Consumer Defensive,Packaged Foods,USA,22.56B,24.31,41.27,-0.07%,3332910
358,359,HSBC,HSBC Holdings plc,Financial,Banks - Diversified,United Kingdom,154.91B,6.99,39.18,0.33%,1701440
359,360,HST,"Host Hotels & Resorts, Inc.",Real Estate,REIT - Hotel & Motel,USA,12.17B,15.12,17.05,-0.35%,9087653
360,361,HSY,The Hershey Company,Consumer Defensive,Confectioners,USA,53.32B,31.64,260.72,-0.05%,1576480
361,362,HTHT,H World Group Limited,Consumer Cyclical,Lodging,China,14.70B,-,43.0,-2.89%,1796423
362,363,HUBB,Hubbell Incorporated,Industrials,Electrical Equipment & Parts,USA,17.20B,29.34,320.38,-0.20%,828246
363,364,HUBS,"HubSpot, Inc.",Technology,Software - Application,USA,25.82B,-,519.32,-0.13%,720542
364,365,HUM,Humana Inc.,Healthcare,Healthcare Plans,USA,57.96B,18.11,445.65,-3.92%,5292762
365,366,HWM,Howmet Aerospace Inc.,Industrials,Aerospace & Defense,USA,19.03B,39.84,45.98,-0.13%,2976300
366,367,HZNP,Horizon Therapeutics Public Limited Company,Healthcare,Drug Manufacturers - General,Ireland,23.16B,64.08,101.63,0.32%,2796558
367,368,IBKR,"Interactive Brokers Group, Inc.",Financial,Capital Markets,USA,34.23B,18.15,80.28,-0.82%,962595
368,369,IBM,International Business Machines Corporation,Technology,Information Technology Services,USA,125.67B,66.90,137.48,-0.66%,7468309
369,370,IBN,ICICI Bank Limited,Financial,Banks - Regional,India,79.13B,19.56,22.87,0.00%,6173247
370,371,ICE,"Intercontinental Exchange, Inc.",Financial,Financial Data & Stock Exchanges,USA,62.92B,43.39,111.68,-0.62%,3803685
371,372,ICLR,ICON Public Limited Company,Healthcare,Diagnostics & Research,Ireland,19.14B,37.86,234.12,0.21%,551071
372,373,IDXX,"IDEXX Laboratories, Inc.",Healthcare,Diagnostics & Research,USA,39.96B,58.13,483.03,0.33%,706647
373,374,IEP,Icahn Enterprises L.P.,Energy,Oil & Gas Refining & Marketing,USA,10.57B,-,27.94,-2.38%,3081634
374,375,IEX,IDEX Corporation,Industrials,Specialty Industrial Machinery,USA,15.90B,27.12,209.75,-0.31%,872664
375,376,IFF,International Flavors & Fragrances Inc.,Basic Materials,Specialty Chemicals,USA,20.28B,-,80.35,1.07%,5049504
376,377,IHG,InterContinental Hotels Group PLC,Consumer Cyclical,Lodging,United Kingdom,12.08B,34.64,71.23,-0.45%,90758
377,378,ILMN,"Illumina, Inc.",Healthcare,Diagnostics & Research,USA,33.19B,-,205.87,-1.94%,2441990
378,379,IMO,Imperial Oil Limited,Energy,Oil & Gas Integrated,Canada,29.25B,5.64,49.73,-0.66%,424380
379,380,INCY,Incyte Corporation,Healthcare,Biotechnology,USA,13.96B,43.67,63.23,1.04%,8439018
380,381,INFY,Infosys Limited,Technology,Information Technology Services,India,64.97B,22.52,15.83,1.34%,18245147
381,382,ING,ING Groep N.V.,Financial,Banks - Diversified,Netherlands,47.91B,9.10,13.4,0.30%,2432514
382,383,INTC,Intel Corporation,Technology,Semiconductors,USA,149.41B,-,36.37,1.54%,110103134
383,384,INTU,Intuit Inc.,Technology,Software - Application,USA,127.80B,57.50,455.03,-0.28%,2618104
384,385,INVH,Invitation Homes Inc.,Real Estate,REIT - Residential,USA,21.01B,51.34,34.4,0.17%,4749352
385,386,IOT,Samsara Inc.,Technology,Software - Infrastructure,USA,15.35B,-,28.9,-0.52%,8777117
386,387,IP,International Paper Company,Consumer Cyclical,Packaging & Containers,USA,11.04B,7.48,31.98,0.53%,7097952
387,388,IPG,"The Interpublic Group of Companies, Inc.",Communication Services,Advertising Agencies,USA,15.67B,17.40,40.04,-1.36%,6230899
388,389,IQV,IQVIA Holdings Inc.,Healthcare,Diagnostics & Research,USA,40.22B,38.78,216.02,-0.35%,1181617
389,390,IR,Ingersoll Rand Inc.,Industrials,Specialty Industrial Machinery,USA,26.18B,40.91,64.52,-0.29%,4460532
390,391,IRM,Iron Mountain Incorporated,Real Estate,REIT - Specialty,USA,16.67B,28.67,56.76,-0.70%,2379242
391,392,ISRG,"Intuitive Surgical, Inc.",Healthcare,Medical Instruments & Supplies,USA,115.03B,90.16,329.36,0.33%,3109805
392,393,IT,"Gartner, Inc.",Technology,Information Technology Services,USA,28.15B,30.77,356.54,0.10%,1345885
393,394,ITUB,Itau Unibanco Holding S.A.,Financial,Banks - Regional,Brazil,53.98B,9.20,5.9,0.00%,18295547
394,395,ITW,Illinois Tool Works Inc.,Industrials,Specialty Industrial Machinery,USA,75.00B,24.81,247.99,0.48%,2186397
395,396,IX,ORIX Corporation,Financial,Credit Services,Japan,22.30B,10.84,89.33,-1.36%,109609
396,397,J,Jacobs Solutions Inc.,Industrials,Engineering & Construction,USA,14.74B,19.30,116.57,0.29%,1273237
397,398,JBHT,"J.B. Hunt Transport Services, Inc.",Industrials,Integrated Freight & Logistics,USA,18.34B,20.07,176.68,-0.14%,986858
398,399,JBL,Jabil Inc.,Technology,Electronic Components,USA,13.88B,14.83,105.36,0.69%,2298166
399,400,JCI,Johnson Controls International plc,Industrials,Building Products & Equipment,Ireland,45.04B,32.54,65.47,-0.27%,3935136
400,401,JD,"JD.com, Inc.",Consumer Cyclical,Internet Retail,China,62.61B,22.97,39.85,-0.28%,11044925
401,402,JHX,James Hardie Industries plc,Basic Materials,Building Materials,Ireland,11.94B,23.94,27.51,-0.72%,33427
402,403,JKHY,"Jack Henry & Associates, Inc.",Technology,Information Technology Services,USA,12.05B,34.23,163.54,-1.11%,732858
403,404,JNJ,Johnson & Johnson,Healthcare,Drug Manufacturers - General,USA,425.49B,34.36,164.23,0.31%,13397390
404,405,JNPR,"Juniper Networks, Inc.",Technology,Communication Equipment,USA,10.43B,21.35,32.47,0.09%,6112114
405,406,JPM,JPMorgan Chase & Co.,Financial,Banks - Diversified,USA,418.15B,10.57,143.26,0.12%,13797886
406,407,K,Kellogg Company,Consumer Defensive,Packaged Foods,USA,22.60B,27.22,66.29,0.53%,3914303
407,408,KB,KB Financial Group Inc.,Financial,Banks - Regional,South Korea,15.27B,4.47,37.97,-0.94%,196184
408,409,KDP,Keurig Dr Pepper Inc.,Consumer Defensive,Beverages - Non-Alcoholic,USA,44.58B,34.67,32.17,1.29%,15542447
409,410,KEYS,"Keysight Technologies, Inc.",Technology,Scientific & Technical Instruments,USA,29.50B,25.22,164.86,-0.33%,1926856
410,411,KHC,The Kraft Heinz Company,Consumer Defensive,Packaged Foods,USA,45.25B,18.85,36.99,0.33%,12246357
411,412,KIM,Kimco Realty Corporation,Real Estate,REIT - Retail,USA,12.01B,80.04,19.45,0.36%,4544902
412,413,KKR,KKR & Co. Inc.,Financial,Asset Management,USA,50.58B,-,57.2,-2.41%,4647441
413,414,KLAC,KLA Corporation,Technology,Semiconductor Equipment & Materials,USA,64.84B,18.96,464.89,-1.63%,2010679
414,415,KMB,Kimberly-Clark Corporation,Consumer Defensive,Household & Personal Products,USA,45.99B,23.57,137.68,1.00%,2592967
415,416,KMI,"Kinder Morgan, Inc.",Energy,Oil & Gas Midstream,USA,38.12B,15.08,17.04,0.18%,24016493
416,417,KMX,"CarMax, Inc.",Consumer Cyclical,Auto & Truck Dealerships,USA,12.79B,26.39,79.63,-1.51%,2313502
417,418,KO,The Coca-Cola Company,Consumer Defensive,Beverages - Non-Alcoholic,USA,264.79B,27.17,61.67,0.72%,26713400
418,419,KOF,"Coca-Cola FEMSA, S.A.B. de C.V.",Consumer Defensive,Beverages - Non-Alcoholic,Mexico,18.56B,15.80,88.14,-0.23%,85541
419,420,KR,The Kroger Co.,Consumer Defensive,Grocery Stores,USA,32.97B,14.46,46.17,0.50%,10573424
420,421,KVUE,Kenvue Inc.,Consumer Defensive,Household & Personal Products,USA,49.31B,39.18,26.25,1.94%,2332994
421,422,L,Loews Corporation,Financial,Insurance - Property & Casualty,USA,13.41B,13.29,58.57,-0.46%,2987355
422,423,LBRDA,Liberty Broadband Corporation,Communication Services,Telecom Services,USA,11.25B,11.59,76.27,-0.65%,93636
423,424,LBRDK,Liberty Broadband Corporation,Communication Services,Telecom Services,USA,11.19B,11.61,76.6,-0.53%,974997
424,425,LCID,"Lucid Group, Inc.",Consumer Cyclical,Auto Manufacturers,USA,13.23B,-,6.48,-1.67%,44962025
425,426,LDOS,"Leidos Holdings, Inc.",Technology,Information Technology Services,USA,11.69B,17.64,85.89,0.76%,2760421
426,427,LECO,"Lincoln Electric Holdings, Inc.",Industrials,Tools & Accessories,USA,11.29B,24.50,195.93,-0.08%,666014
427,428,LEGN,Legend Biotech Corporation,Healthcare,Biotechnology,USA,12.15B,-,70.07,-1.66%,897357
428,429,LEN,Lennar Corporation,Consumer Cyclical,Residential Construction,USA,38.39B,7.59,120.02,0.18%,4573885
429,430,LEN-B,Lennar Corporation,Consumer Cyclical,Residential Construction,USA,38.50B,6.57,105.72,1.39%,161741
430,431,LH,Laboratory Corporation of America Holdings,Healthcare,Diagnostics & Research,USA,20.43B,21.29,234.27,1.61%,1053862
431,432,LHX,"L3Harris Technologies, Inc.",Industrials,Aerospace & Defense,USA,36.64B,40.66,195.57,1.13%,1772134
432,433,LI,Li Auto Inc.,Consumer Cyclical,Auto Manufacturers,China,35.80B,-,34.41,-0.15%,7234383
433,434,LII,Lennox International Inc.,Industrials,Building Products & Equipment,USA,10.96B,21.64,311.04,0.74%,379364
434,435,LIN,Linde plc,Basic Materials,Specialty Chemicals,United Kingdom,184.30B,41.69,375.29,-0.31%,4364364
435,436,LKQ,LKQ Corporation,Consumer Cyclical,Auto Parts,USA,14.57B,13.04,54.23,-0.53%,2631234
436,437,LLY,Eli Lilly and Company,Healthcare,Drug Manufacturers - General,USA,430.90B,71.08,447.71,-1.37%,4283691
437,438,LMT,Lockheed Martin Corporation,Industrials,Aerospace & Defense,USA,116.05B,20.98,459.17,0.71%,1641733
438,439,LNG,"Cheniere Energy, Inc.",Energy,Oil & Gas Midstream,USA,35.76B,4.82,148.68,1.02%,1987540
439,440,LNT,Alliant Energy Corporation,Utilities,Utilities - Regulated Electric,USA,13.51B,20.59,53.74,-0.02%,2353284
440,441,LOW,"Lowe's Companies, Inc.",Consumer Cyclical,Home Improvement Retail,USA,128.29B,21.13,217.08,-0.85%,6855455
441,442,LPLA,LPL Financial Holdings Inc.,Financial,Capital Markets,USA,16.62B,16.06,208.98,-2.33%,918708
442,443,LRCX,Lam Research Corporation,Technology,Semiconductor Equipment & Materials,USA,83.42B,17.06,612.65,-1.34%,2678036
443,444,LSCC,Lattice Semiconductor Corporation,Technology,Semiconductors,USA,12.34B,62.48,88.66,-1.10%,2997244
444,445,LSI,"Life Storage, Inc.",Real Estate,REIT - Industrial,USA,11.08B,30.22,129.78,-0.34%,805307
445,446,LSXMA,The Liberty SiriusXM Group,Communication Services,Broadcasting,USA,30.69B,9.00,30.9,0.10%,772486
446,447,LSXMK,The Liberty SiriusXM Group,Communication Services,Broadcasting,USA,30.28B,9.48,30.91,0.39%,1140794
447,448,LULU,Lululemon Athletica Inc.,Consumer Cyclical,Apparel Retail,Canada,46.66B,51.24,383.02,0.10%,1802691
448,449,LUV,Southwest Airlines Co.,Industrials,Airlines,USA,20.21B,34.53,34.25,0.82%,8737060
449,450,LVS,Las Vegas Sands Corp.,Consumer Cyclical,Resorts & Casinos,USA,44.83B,-,58.45,-0.36%,4881882
450,451,LW,"Lamb Weston Holdings, Inc.",Consumer Defensive,Packaged Foods,USA,16.72B,30.52,114.34,-0.35%,1529063
451,452,LYB,LyondellBasell Industries N.V.,Basic Materials,Specialty Chemicals,USA,29.85B,9.89,92.24,0.51%,4144097
452,453,LYG,Lloyds Banking Group plc,Financial,Banks - Regional,United Kingdom,37.49B,6.17,2.27,-0.87%,8564546
453,454,LYV,"Live Nation Entertainment, Inc.",Communication Services,Entertainment,USA,20.77B,135.20,90.18,-0.18%,3106510
454,455,MA,Mastercard Incorporated,Financial,Credit Services,USA,359.19B,37.61,376.53,-0.66%,5886891
455,456,MAA,"Mid-America Apartment Communities, Inc.",Real Estate,REIT - Residential,USA,17.99B,27.28,155.29,0.73%,1196027
456,457,MANH,"Manhattan Associates, Inc.",Technology,Software - Application,USA,12.02B,88.27,191.81,-0.99%,711363
457,458,MAR,"Marriott International, Inc.",Consumer Cyclical,Lodging,USA,53.84B,20.65,176.36,-0.18%,4717893
458,459,MAS,Masco Corporation,Industrials,Building Products & Equipment,USA,12.61B,15.61,55.5,-0.93%,3486825
459,460,MBLY,Mobileye Global Inc.,Consumer Cyclical,Auto Parts,Israel,32.01B,-,39.16,-1.43%,3679880
460,461,MCD,McDonald's Corporation,Consumer Cyclical,Restaurants,USA,213.63B,31.52,293.7,0.37%,4885811
461,462,MCHP,Microchip Technology Incorporated,Technology,Semiconductors,USA,46.56B,21.28,85.49,0.14%,9202383
462,463,MCK,McKesson Corporation,Healthcare,Medical Distribution,USA,54.22B,16.20,406.2,1.53%,1488747
463,464,MCO,Moody's Corporation,Financial,Financial Data & Stock Exchanges,USA,63.92B,44.20,341.85,-1.85%,1242615
464,465,MDB,"MongoDB, Inc.",Technology,Software - Infrastructure,USA,27.20B,-,379.9,-1.43%,1613136
465,466,MDLZ,"Mondelez International, Inc.",Consumer Defensive,Confectioners,USA,100.04B,25.69,73.57,0.15%,10878563
466,467,MDT,Medtronic plc,Healthcare,Medical Devices,Ireland,117.44B,29.31,89.15,1.02%,9043743
467,468,MELI,"MercadoLibre, Inc.",Consumer Cyclical,Internet Retail,Uruguay,61.45B,97.66,1194.74,-2.37%,779212
468,469,MET,"MetLife, Inc.",Financial,Insurance - Life,USA,42.24B,30.31,55.5,0.62%,10275175
469,470,META,"Meta Platforms, Inc.",Communication Services,Internet Content & Information,USA,722.25B,33.73,281.0,-0.29%,43001938
470,471,MFC,Manulife Financial Corporation,Financial,Insurance - Life,Canada,35.64B,8.68,18.99,-1.61%,4603642
471,472,MFG,"Mizuho Financial Group, Inc.",Financial,Banks - Regional,Japan,38.60B,-,2.98,-0.67%,325976
472,473,MGA,Magna International Inc.,Consumer Cyclical,Auto Parts,Canada,16.24B,37.32,56.99,0.41%,915195
473,474,MGM,MGM Resorts International,Consumer Cyclical,Resorts & Casinos,USA,15.91B,9.11,42.64,-2.47%,7900910
474,475,MKC,"McCormick & Company, Incorporated",Consumer Defensive,Packaged Foods,USA,24.67B,37.56,92.65,0.73%,1712860
475,476,MKL,Markel Group Inc.,Financial,Insurance - Property & Casualty,USA,17.86B,64.65,1343.69,0.39%,53665
476,477,MKTX,MarketAxess Holdings Inc.,Financial,Capital Markets,USA,10.56B,40.22,277.15,-1.09%,1206502
477,478,MLM,"Martin Marietta Materials, Inc.",Basic Materials,Building Materials,USA,26.61B,27.58,426.54,-0.68%,614593
478,479,MMC,"Marsh & McLennan Companies, Inc.",Financial,Insurance Brokers,USA,89.31B,28.33,181.15,0.34%,2850674
479,480,MMM,3M Company,Industrials,Conglomerates,USA,57.27B,10.83,104.54,0.70%,6192663
480,481,MMP,"Magellan Midstream Partners, L.P.",Energy,Oil & Gas Midstream,USA,12.16B,12.81,60.1,-0.13%,4657114
481,482,MNST,Monster Beverage Corporation,Consumer Defensive,Beverages - Non-Alcoholic,USA,61.55B,38.89,58.45,-0.60%,7688721
482,483,MO,"Altria Group, Inc.",Consumer Defensive,Tobacco,USA,78.81B,14.16,44.07,-0.18%,13649728
483,484,MOH,"Molina Healthcare, Inc.",Healthcare,Healthcare Plans,USA,16.54B,18.93,278.02,-2.04%,763075
484,485,MOS,The Mosaic Company,Basic Materials,Agricultural Inputs,USA,11.72B,4.43,35.82,1.53%,12257793
485,486,MPC,Marathon Petroleum Corporation,Energy,Oil & Gas Refining & Marketing,USA,48.30B,3.43,113.29,-0.47%,10768231
486,487,MPLX,MPLX LP,Energy,Oil & Gas Midstream,USA,33.94B,8.72,34.07,0.50%,4238976
487,488,MPWR,"Monolithic Power Systems, Inc.",Technology,Semiconductors,USA,24.63B,53.61,517.61,-0.32%,1110036
488,489,MRK,"Merck & Co., Inc.",Healthcare,Drug Manufacturers - General,USA,277.60B,21.33,109.32,-0.07%,15830593
489,490,MRNA,"Moderna, Inc.",Healthcare,Biotechnology,USA,49.55B,11.13,128.73,-0.96%,5496062
490,491,MRO,Marathon Oil Corporation,Energy,Oil & Gas E&P,USA,14.38B,5.77,23.5,0.90%,18394763
491,492,MRVL,"Marvell Technology, Inc.",Technology,Semiconductors,USA,53.35B,-,61.12,-1.47%,17815753
492,493,MS,Morgan Stanley,Financial,Capital Markets,USA,148.72B,15.13,88.09,-1.08%,13141638
493,494,MSCI,MSCI Inc.,Financial,Financial Data & Stock Exchanges,USA,39.04B,43.80,477.73,-2.01%,628092
494,495,MSFT,Microsoft Corporation,Technology,Software - Infrastructure,USA,2588.29B,37.10,342.33,-1.66%,46393046
495,496,MSI,"Motorola Solutions, Inc.",Technology,Communication Equipment,USA,47.34B,35.04,280.25,-0.72%,1302324
496,497,MT,ArcelorMittal S.A.,Basic Materials,Steel,Luxembourg,24.04B,4.06,28.12,-0.11%,1770252
497,498,MTB,M&T Bank Corporation,Financial,Banks - Regional,USA,20.70B,9.51,123.16,-1.29%,2639862
498,499,MTCH,"Match Group, Inc.",Communication Services,Internet Content & Information,USA,12.06B,40.74,42.25,-2.42%,5853503
499,500,MTD,Mettler-Toledo International Inc.,Healthcare,Diagnostics & Research,USA,29.43B,33.57,1321.97,-1.07%,188749
500,501,MU,"Micron Technology, Inc.",Technology,Semiconductors,USA,75.32B,48.61,67.66,-1.69%,32169642
501,502,MUFG,"Mitsubishi UFJ Financial Group, Inc.",Financial,Banks - Diversified,Japan,89.65B,10.58,6.93,-1.28%,1788033
502,503,NDAQ,"Nasdaq, Inc.",Financial,Financial Data & Stock Exchanges,USA,25.65B,22.21,51.22,-2.01%,7413080
503,504,NDSN,Nordson Corporation,Industrials,Specialty Industrial Machinery,USA,13.48B,26.62,237.11,0.22%,360292
504,505,NEE,"NextEra Energy, Inc.",Utilities,Utilities - Regulated Electric,USA,150.46B,22.50,75.59,1.65%,23040560
505,506,NEM,Newmont Corporation,Basic Materials,Gold,USA,33.93B,-,43.83,2.65%,17156301
506,507,NET,"Cloudflare, Inc.",Technology,Software - Infrastructure,USA,23.32B,-,67.63,-3.73%,4966284
507,508,NFLX,"Netflix, Inc.",Communication Services,Entertainment,USA,197.94B,50.84,431.96,-2.99%,8731801
508,509,NGG,National Grid plc,Utilities,Utilities - Regulated Electric,United Kingdom,48.18B,14.40,67.93,1.01%,609499
509,510,NI,NiSource Inc.,Utilities,Utilities - Regulated Gas,USA,11.29B,18.58,27.38,0.15%,5454390
510,511,NICE,NICE Ltd.,Technology,Software - Application,Israel,14.44B,52.28,223.6,-2.20%,341950
511,512,NIMC,NiSource Inc.,Utilities,Utilities - Regulated Gas,USA,11.31B,65.70,101.24,0.21%,1706
512,513,NIO,NIO Inc.,Consumer Cyclical,Auto Manufacturers,China,16.52B,-,9.4,-3.98%,81068201
513,514,NKE,"NIKE, Inc.",Consumer Cyclical,Footwear & Accessories,USA,172.77B,32.77,113.59,1.05%,14337878
514,515,NLY,"Annaly Capital Management, Inc.",Real Estate,REIT - Mortgage,USA,10.32B,-,20.59,-1.44%,10140555
515,516,NMR,"Nomura Holdings, Inc.",Financial,Capital Markets,Japan,12.42B,18.59,3.96,0.00%,1175594
516,517,NOC,Northrop Grumman Corporation,Industrials,Aerospace & Defense,USA,68.77B,14.83,458.35,1.21%,1178360
517,518,NOK,Nokia Oyj,Technology,Communication Equipment,Finland,24.07B,5.12,4.28,0.94%,20144274
518,519,NOW,"ServiceNow, Inc.",Technology,Software - Application,USA,117.02B,288.22,565.48,-1.55%,2086255
519,520,NSC,Norfolk Southern Corporation,Industrials,Railroads,USA,50.83B,17.25,224.14,0.38%,1995668
520,521,NTAP,"NetApp, Inc.",Technology,Computer Hardware,USA,15.78B,12.84,74.37,0.83%,3140499
521,522,NTES,"NetEase, Inc.",Communication Services,Electronic Gaming & Multimedia,China,63.30B,20.83,98.45,0.32%,1372434
522,523,NTR,Nutrien Ltd.,Basic Materials,Agricultural Inputs,Canada,39.12B,3.57,60.07,0.74%,2204887
523,524,NTRS,Northern Trust Corporation,Financial,Asset Management,USA,15.76B,12.71,74.71,-1.23%,1991273
524,525,NU,Nu Holdings Ltd.,Financial,Banks - Diversified,Brazil,34.93B,-,7.54,1.75%,22099888
525,526,NUE,Nucor Corporation,Basic Materials,Steel,USA,37.98B,5.90,151.41,0.15%,3177400
526,527,NVDA,NVIDIA Corporation,Technology,Semiconductors,USA,1053.53B,221.89,426.92,0.09%,65402829
527,528,NVO,Novo Nordisk A/S,Healthcare,Biotechnology,Denmark,278.67B,40.84,161.29,-0.76%,1051568
528,529,NVR,"NVR, Inc.",Consumer Cyclical,Residential Construction,USA,19.29B,12.59,5990.38,0.76%,50762
529,530,NVS,Novartis AG,Healthcare,Drug Manufacturers - General,Switzerland,228.43B,31.34,101.83,0.43%,2683278
530,531,NWG,NatWest Group plc,Financial,Banks - Diversified,United Kingdom,29.31B,6.22,6.59,0.00%,1775795
531,532,NWS,News Corporation,Communication Services,Entertainment,USA,11.27B,43.04,19.8,0.20%,1496592
532,533,NWSA,News Corporation,Communication Services,Entertainment,USA,11.24B,42.73,19.57,0.31%,3908237
533,534,NXPI,NXP Semiconductors N.V.,Technology,Semiconductors,Netherlands,50.85B,18.96,197.85,1.07%,4512624
534,535,O,Realty Income Corporation,Real Estate,REIT - Retail,USA,41.22B,43.08,61.39,0.26%,18463207
535,536,OC,Owens Corning,Industrials,Building Products & Equipment,USA,11.08B,8.85,122.16,-0.62%,2378288
536,537,ODFL,"Old Dominion Freight Line, Inc.",Industrials,Trucking,USA,36.01B,26.77,325.46,-0.89%,1332931
537,538,OKE,"ONEOK, Inc.",Energy,Oil & Gas Midstream,USA,27.34B,11.50,60.95,-0.26%,7630644
538,539,OKTA,"Okta, Inc.",Technology,Software - Infrastructure,USA,12.37B,-,75.75,-0.56%,3921285
539,540,OMC,Omnicom Group Inc.,Communication Services,Advertising Agencies,USA,19.07B,14.29,95.15,-0.47%,2585462
540,541,ON,ON Semiconductor Corporation,Technology,Semiconductors,USA,39.30B,22.00,90.15,-0.93%,28115614
541,542,ORAN,Orange S.A.,Communication Services,Telecom Services,France,29.84B,14.14,11.28,-0.79%,2272107
542,543,ORCL,Oracle Corporation,Technology,Software - Infrastructure,USA,341.66B,40.89,125.46,-0.86%,19438215
543,544,ORLY,"O'Reilly Automotive, Inc.",Consumer Cyclical,Specialty Retail,USA,56.46B,26.56,919.02,-0.91%,885195
544,545,OTEX,Open Text Corporation,Technology,Software - Application,Canada,11.34B,37.24,41.49,-1.07%,773874
545,546,OTIS,Otis Worldwide Corporation,Industrials,Specialty Industrial Machinery,USA,36.59B,29.28,88.62,0.09%,3052289
546,547,OWL,Blue Owl Capital Inc.,Financial,Asset Management,USA,16.49B,481.25,11.55,-1.45%,3237196
547,548,OXY,Occidental Petroleum Corporation,Energy,Oil & Gas E&P,USA,52.47B,6.62,58.15,-0.46%,13715211
548,549,PAG,"Penske Automotive Group, Inc.",Consumer Cyclical,Auto & Truck Dealerships,USA,10.80B,8.51,153.72,-1.80%,394729
549,550,PANW,"Palo Alto Networks, Inc.",Technology,Software - Infrastructure,USA,74.57B,387.02,246.53,1.12%,54804402
550,551,PARA,Paramount Global,Communication Services,Entertainment,USA,10.87B,-,16.28,-1.51%,12996149
551,552,PATH,UiPath Inc.,Technology,Software - Infrastructure,USA,10.52B,-,18.1,-3.47%,14361977
552,553,PAYC,"Paycom Software, Inc.",Technology,Software - Application,USA,18.75B,60.15,319.92,-1.24%,671869
553,554,PAYX,"Paychex, Inc.",Industrials,Staffing & Employment Services,USA,40.85B,27.39,113.59,0.25%,3842225
554,555,PBA,Pembina Pipeline Corporation,Energy,Oil & Gas Midstream,Canada,17.19B,8.42,31.23,0.42%,763399
555,556,PBR,Petroleo Brasileiro S.A. - Petrobras,Energy,Oil & Gas Integrated,Brazil,85.58B,2.40,13.9,0.80%,15216152
556,557,PBR-A,Petroleo Brasileiro S.A. - Petrobras,Energy,Oil & Gas Integrated,Brazil,86.01B,2.28,12.37,0.49%,15659513
557,558,PCAR,PACCAR Inc,Industrials,Farm & Heavy Construction Machinery,USA,41.33B,15.86,78.63,-0.57%,3943723
558,559,PCG,PG&E Corporation,Utilities,Utilities - Regulated Electric,USA,42.67B,19.59,17.4,0.87%,21673674
559,560,PCGU,PG&E Corporation,Utilities,Utilities - Regulated Electric,USA,43.04B,1234.84,150.65,0.41%,50940
560,561,PCTY,Paylocity Holding Corporation,Technology,Software - Application,USA,10.59B,88.13,184.98,-2.52%,585530
561,562,PDD,PDD Holdings Inc.,Consumer Cyclical,Internet Retail,Ireland,106.65B,22.24,79.87,-1.18%,12500401
562,563,PEAK,"Healthpeak Properties, Inc.",Real Estate,REIT - Healthcare Facilities,USA,11.36B,20.82,20.67,-0.43%,7153600
563,564,PEG,Public Service Enterprise Group Incorporated,Utilities,Utilities - Regulated Electric,USA,31.07B,13.49,62.54,0.45%,5330707
564,565,PEN,"Penumbra, Inc.",Healthcare,Medical Devices,USA,12.94B,2057.13,337.37,-0.27%,558848
565,566,PEP,"PepsiCo, Inc.",Consumer Defensive,Beverages - Non-Alcoholic,USA,255.85B,38.68,186.04,0.18%,8912369
566,567,PFE,Pfizer Inc.,Healthcare,Drug Manufacturers - General,USA,224.40B,7.90,40.06,0.78%,60290730
567,568,PFG,"Principal Financial Group, Inc.",Financial,Asset Management,USA,17.99B,4.45,74.78,0.92%,3110138
568,569,PG,The Procter & Gamble Company,Consumer Defensive,Household & Personal Products,USA,349.89B,26.04,149.54,0.73%,11229476
569,570,PGR,The Progressive Corporation,Financial,Insurance - Property & Casualty,USA,75.13B,93.72,129.99,1.27%,3352610
570,571,PH,Parker-Hannifin Corporation,Industrials,Specialty Industrial Machinery,USA,47.99B,31.95,369.1,-1.32%,1037095
571,572,PHG,Koninklijke Philips N.V.,Healthcare,Medical Devices,Netherlands,18.75B,-,20.41,-0.39%,972932
572,573,PHM,"PulteGroup, Inc.",Consumer Cyclical,Residential Construction,USA,16.51B,6.27,73.51,-0.61%,5781284
573,574,PINS,"Pinterest, Inc.",Communication Services,Internet Content & Information,USA,17.07B,-,25.36,1.60%,12959099
574,575,PKG,Packaging Corporation of America,Consumer Cyclical,Packaging & Containers,USA,11.93B,12.71,132.42,-0.18%,1737723
575,576,PKX,POSCO Holdings Inc.,Basic Materials,Steel,South Korea,25.62B,13.96,75.98,-0.61%,439110
576,577,PLD,"Prologis, Inc.",Real Estate,REIT - Industrial,USA,112.40B,37.04,122.63,0.75%,5830935
577,578,PLTR,Palantir Technologies Inc.,Technology,Software - Infrastructure,USA,35.15B,-,16.3,-1.81%,90235561
578,579,PM,Philip Morris International Inc.,Consumer Defensive,Tobacco,USA,147.04B,16.95,94.89,0.17%,9474971
579,580,PNC,"The PNC Financial Services Group, Inc.",Financial,Banks - Regional,USA,51.40B,8.80,128.47,-0.25%,3460613
580,581,PNR,Pentair plc,Industrials,Specialty Industrial Machinery,United Kingdom,10.06B,20.39,60.81,-0.33%,1593838
581,582,PODD,Insulet Corporation,Healthcare,Medical Devices,USA,20.01B,-,284.5,-0.92%,727495
582,583,POOL,Pool Corporation,Industrials,Industrial Distribution,USA,13.96B,21.18,357.95,0.12%,556376
583,584,PPG,"PPG Industries, Inc.",Basic Materials,Specialty Chemicals,USA,33.26B,26.62,143.08,1.28%,2673810
584,585,PPL,PPL Corporation,Utilities,Utilities - Regulated Electric,USA,19.91B,27.40,26.99,-0.07%,8309809
585,586,PRU,"Prudential Financial, Inc.",Financial,Insurance - Life,USA,31.67B,1000.34,87.03,0.31%,3973720
586,587,PSA,Public Storage,Real Estate,REIT - Industrial,USA,50.57B,12.21,287.1,-0.19%,1798441
587,588,PSTG,"Pure Storage, Inc.",Technology,Computer Hardware,USA,11.55B,-,37.74,0.37%,5880773
588,589,PSX,Phillips 66,Energy,Oil & Gas Refining & Marketing,USA,44.52B,3.76,97.13,0.11%,4962188
589,590,PTC,PTC Inc.,Technology,Software - Application,USA,16.99B,53.76,143.15,-0.31%,1514625
590,591,PUK,Prudential plc,Financial,Insurance - Life,United Kingdom,39.56B,39.58,28.89,-1.06%,289563
591,592,PWR,"Quanta Services, Inc.",Industrials,Engineering & Construction,USA,26.97B,54.85,185.95,0.08%,1751534
592,593,PXD,Pioneer Natural Resources Company,Energy,Oil & Gas E&P,USA,47.52B,7.34,206.8,1.73%,4239170
593,594,PYPL,"PayPal Holdings, Inc.",Financial,Credit Services,USA,73.47B,28.12,66.43,0.88%,29672744
594,595,QCOM,QUALCOMM Incorporated,Technology,Semiconductors,USA,137.70B,13.05,122.68,-0.75%,12886685
595,596,QGEN,Qiagen N.V.,Healthcare,Diagnostics & Research,Netherlands,10.62B,30.48,46.76,0.39%,723331
596,597,QRVO,"Qorvo, Inc.",Technology,Semiconductors,USA,10.12B,111.18,102.62,0.11%,3467042
597,598,QSR,Restaurant Brands International Inc.,Consumer Cyclical,Restaurants,Canada,23.81B,23.39,76.43,-0.09%,732681
598,599,RACE,Ferrari N.V.,Consumer Cyclical,Auto Manufacturers,Italy,55.87B,52.12,308.02,0.62%,294920
599,600,RBA,"RB Global, Inc.",Industrials,Specialty Business Services,USA,10.37B,58.20,57.09,0.07%,12523543
600,601,RBLX,Roblox Corporation,Communication Services,Electronic Gaming & Multimedia,USA,24.81B,-,41.8,2.88%,15243676
601,602,RCI,Rogers Communications Inc.,Communication Services,Telecom Services,Canada,23.37B,16.37,43.97,-0.52%,479517
602,603,RCL,Royal Caribbean Cruises Ltd.,Consumer Cyclical,Travel Services,USA,24.53B,-,95.3,-0.64%,3901028
603,604,RE,"Everest Re Group, Ltd.",Financial,Insurance - Reinsurance,Bermuda,14.76B,21.30,352.35,2.35%,587120
604,605,REG,Regency Centers Corporation,Real Estate,REIT - Retail,USA,10.40B,27.28,61.14,0.49%,1101866
605,606,REGN,"Regeneron Pharmaceuticals, Inc.",Healthcare,Biotechnology,USA,85.91B,21.28,783.05,-0.00%,993137
606,607,RELX,RELX PLC,Industrials,Specialty Business Services,United Kingdom,63.49B,31.43,34.04,1.64%,2030391
607,608,REXR,"Rexford Industrial Realty, Inc.",Real Estate,REIT - Industrial,USA,11.53B,56.73,53.72,-0.09%,4014994
608,609,RF,Regions Financial Corporation,Financial,Banks - Regional,USA,17.19B,7.72,18.12,-1.09%,17517692
609,610,RIO,Rio Tinto Group,Basic Materials,Other Industrial Metals & Mining,United Kingdom,114.32B,8.86,67.55,-1.17%,3722183
610,611,RIVN,"Rivian Automotive, Inc.",Consumer Cyclical,Auto Manufacturers,USA,14.32B,-,14.88,-2.36%,92074575
611,612,RJF,"Raymond James Financial, Inc.",Financial,Capital Markets,USA,21.23B,13.16,100.09,-0.08%,2048186
612,613,RKT,"Rocket Companies, Inc.",Financial,Mortgage Finance,USA,18.43B,-,9.19,-1.50%,2835054
613,614,RMD,ResMed Inc.,Healthcare,Medical Instruments & Supplies,USA,32.17B,37.38,219.04,0.03%,734121
614,615,ROK,"Rockwell Automation, Inc.",Industrials,Specialty Industrial Machinery,USA,36.69B,27.81,315.8,-1.13%,1431118
615,616,ROKU,"Roku, Inc.",Communication Services,Entertainment,USA,10.10B,-,70.69,-1.48%,5787356
616,617,ROL,"Rollins, Inc.",Consumer Cyclical,Personal Services,USA,20.52B,52.68,41.09,-1.32%,2399819
617,618,ROP,"Roper Technologies, Inc.",Technology,Software - Application,USA,49.15B,47.43,458.78,-0.51%,1014913
618,619,ROST,"Ross Stores, Inc.",Consumer Cyclical,Apparel Retail,USA,36.75B,23.94,107.84,-0.04%,3476998
619,620,RPM,RPM International Inc.,Basic Materials,Specialty Chemicals,USA,10.95B,20.85,85.22,0.29%,957677
620,621,RPRX,Royalty Pharma plc,Healthcare,Biotechnology,USA,19.55B,42.25,31.9,-0.93%,4651436
621,622,RRX,Regal Rexnord Corporation,Industrials,Specialty Industrial Machinery,USA,10.07B,28.31,151.24,-0.49%,561306
622,623,RS,Reliance Steel & Aluminum Co.,Basic Materials,Steel,USA,15.04B,9.17,256.07,0.07%,809344
623,624,RSG,"Republic Services, Inc.",Industrials,Waste Management,USA,45.72B,30.40,145.73,0.82%,1515007
624,625,RTO,Rentokil Initial plc,Industrials,Specialty Business Services,United Kingdom,20.38B,54.64,40.65,-0.02%,839858
625,626,RTX,Raytheon Technologies Corporation,Industrials,Aerospace & Defense,USA,143.19B,26.11,97.74,-0.27%,9029088
626,627,RVTY,"Revvity, Inc.",Healthcare,Diagnostics & Research,USA,14.76B,41.83,119.26,1.35%,1309272
627,628,RY,Royal Bank of Canada,Financial,Banks - Diversified,Canada,131.89B,12.46,95.45,0.23%,757883
628,629,RYAAY,Ryanair Holdings plc,Industrials,Airlines,Ireland,20.76B,17.08,107.89,0.87%,406703
629,630,RYAN,"Ryan Specialty Holdings, Inc.",Financial,Insurance - Specialty,USA,11.10B,75.92,42.97,0.54%,747175
630,631,SAN,"Banco Santander, S.A.",Financial,Banks - Diversified,Spain,58.00B,5.51,3.49,-0.29%,7201905
631,632,SAP,SAP SE,Technology,Software - Application,Germany,166.03B,76.61,137.28,0.18%,983343
632,633,SBAC,SBA Communications Corporation,Real Estate,REIT - Specialty,USA,25.35B,67.40,230.57,-1.44%,1017989
633,634,SBUX,Starbucks Corporation,Consumer Cyclical,Restaurants,USA,116.22B,33.02,101.87,0.48%,11700812
634,635,SCCO,Southern Copper Corporation,Basic Materials,Copper,USA,57.33B,21.58,74.44,0.38%,1610628
635,636,SCHW,The Charles Schwab Corporation,Financial,Capital Markets,USA,101.03B,14.84,54.4,-2.00%,19332186
636,637,SCI,Service Corporation International,Consumer Cyclical,Personal Services,USA,10.01B,21.32,66.21,-0.05%,1946576
637,638,SE,Sea Limited,Consumer Cyclical,Internet Retail,Singapore,35.63B,-,62.08,-1.26%,4705731
638,639,SEDG,"SolarEdge Technologies, Inc.",Technology,Solar,Israel,15.63B,81.17,276.7,-0.27%,1054118
639,640,SGEN,Seagen Inc.,Healthcare,Biotechnology,USA,37.04B,-,198.32,0.39%,1570596
640,641,SHEL,Shell plc,Energy,Oil & Gas Integrated,United Kingdom,202.00B,5.00,60.35,-0.54%,6410215
641,642,SHG,"Shinhan Financial Group Co., Ltd.",Financial,Banks - Regional,South Korea,14.27B,4.11,27.33,-0.73%,96377
642,643,SHOP,Shopify Inc.,Technology,Software - Application,Canada,84.54B,-,64.71,-2.10%,13535781
643,644,SHW,The Sherwin-Williams Company,Basic Materials,Specialty Chemicals,USA,64.33B,30.41,247.89,-0.63%,2243733
644,645,SIRI,Sirius XM Holdings Inc.,Communication Services,Entertainment,USA,14.82B,13.68,3.94,2.87%,57935776
645,646,SJM,The J. M. Smucker Company,Consumer Defensive,Packaged Foods,USA,16.30B,28.65,153.1,0.14%,1064623
646,647,SLB,Schlumberger Limited,Energy,Oil & Gas Equipment & Services,USA,68.27B,17.81,47.78,-0.25%,14733232
647,648,SLF,Sun Life Financial Inc.,Financial,Insurance - Diversified,Canada,29.84B,13.55,50.91,0.10%,414746
648,649,SMCI,"Super Micro Computer, Inc.",Technology,Computer Hardware,USA,12.80B,21.75,230.77,-5.39%,3029255
649,650,SMFG,"Sumitomo Mitsui Financial Group, Inc.",Financial,Banks - Diversified,Japan,57.55B,9.85,8.26,-1.31%,2066410
650,651,SNA,Snap-on Incorporated,Industrials,Tools & Accessories,USA,14.52B,15.72,273.87,-0.15%,481886
651,652,SNAP,Snap Inc.,Communication Services,Internet Content & Information,USA,17.07B,-,10.68,0.19%,28822677
652,653,SNN,Smith & Nephew plc,Healthcare,Medical Devices,United Kingdom,13.83B,63.18,32.16,0.50%,2029472
653,654,SNOW,Snowflake Inc.,Technology,Software - Application,USA,62.24B,-,184.18,-3.56%,6579936
654,655,SNPS,"Synopsys, Inc.",Technology,Software - Infrastructure,USA,67.92B,74.45,441.19,-1.16%,1889110
655,656,SNY,Sanofi,Healthcare,Drug Manufacturers - General,France,130.24B,14.31,52.04,0.48%,1142213
656,657,SO,The Southern Company,Utilities,Utilities - Regulated Electric,USA,77.16B,23.22,71.76,1.41%,9344807
657,658,SONY,Sony Group Corporation,Technology,Consumer Electronics,Japan,125.58B,18.12,97.57,-2.11%,777968
658,659,SPG,"Simon Property Group, Inc.",Real Estate,REIT - Retail,USA,36.27B,17.08,112.79,1.69%,3045164
659,660,SPGI,S&P Global Inc.,Financial,Financial Data & Stock Exchanges,USA,128.31B,46.52,395.21,-1.19%,1881802
660,661,SPLK,Splunk Inc.,Technology,Software - Infrastructure,USA,18.30B,-,108.02,-2.23%,2884860
661,662,SPOT,Spotify Technology S.A.,Communication Services,Internet Content & Information,Luxembourg,29.43B,-,159.99,5.13%,3530028
662,663,SQ,"Block, Inc.",Technology,Software - Infrastructure,USA,40.04B,-,66.51,0.48%,12225184
663,664,SQM,Sociedad Quimica y Minera de Chile S.A.,Basic Materials,Specialty Chemicals,Chile,19.37B,5.34,72.16,0.22%,1638035
664,665,SRE,Sempra,Utilities,Utilities - Diversified,USA,46.75B,19.11,148.2,-0.26%,2258696
665,666,SRPT,"Sarepta Therapeutics, Inc.",Healthcare,Biotechnology,USA,12.26B,-,130.44,-0.89%,1550736
666,667,SSNC,"SS&C Technologies Holdings, Inc.",Technology,Software - Application,USA,15.00B,25.80,60.12,-0.13%,2023954
667,668,STE,STERIS plc,Healthcare,Medical Devices,Ireland,21.06B,205.99,213.61,0.04%,1057938
668,669,STLA,Stellantis N.V.,Consumer Cyclical,Auto Manufacturers,Netherlands,54.23B,3.00,17.34,1.05%,4579144
669,670,STLD,"Steel Dynamics, Inc.",Basic Materials,Steel,USA,17.91B,5.46,102.53,-3.24%,7401493
670,671,STM,STMicroelectronics N.V.,Technology,Semiconductors,Switzerland,45.37B,11.10,49.99,0.28%,5019370
671,672,STT,State Street Corporation,Financial,Asset Management,USA,24.95B,10.33,73.77,-1.18%,7079859
672,673,STX,Seagate Technology Holdings plc,Technology,Computer Hardware,Ireland,13.70B,-,64.3,-2.78%,4022708
673,674,STZ,"Constellation Brands, Inc.",Consumer Defensive,Beverages - Wineries & Distilleries,USA,45.66B,-,246.03,-1.27%,1503044
674,675,SU,Suncor Energy Inc.,Energy,Oil & Gas Integrated,Canada,39.61B,6.68,30.14,-0.33%,4200323
675,676,SUI,"Sun Communities, Inc.",Real Estate,REIT - Residential,USA,16.66B,77.78,134.87,0.72%,1109954
676,677,SUZ,Suzano S.A.,Basic Materials,Paper & Paper Products,Brazil,13.27B,3.36,10.01,0.10%,5564275
677,678,SWAV,"Shockwave Medical, Inc.",Healthcare,Medical Devices,USA,10.85B,46.50,294.37,-0.60%,557938
678,679,SWK,"Stanley Black & Decker, Inc.",Industrials,Tools & Accessories,USA,14.01B,-,90.9,-0.63%,2677182
679,680,SWKS,"Skyworks Solutions, Inc.",Technology,Semiconductors,USA,17.44B,15.79,109.26,-0.28%,3652068
680,681,SYF,Synchrony Financial,Financial,Credit Services,USA,14.33B,5.79,32.9,-1.61%,8459772
681,682,SYK,Stryker Corporation,Healthcare,Medical Devices,USA,112.23B,42.83,294.35,-0.44%,2429656
682,683,SYM,Symbotic Inc.,Industrials,Specialty Industrial Machinery,USA,27.02B,-,51.22,5.30%,1929486
683,684,SYY,Sysco Corporation,Consumer Defensive,Food Distribution,USA,37.19B,24.26,73.39,-0.01%,4396581
684,685,T,AT&T Inc.,Communication Services,Telecom Services,USA,114.60B,-,16.06,0.19%,64091844
685,686,TAK,Takeda Pharmaceutical Company Limited,Healthcare,Drug Manufacturers - Specialty & Generic,Japan,51.25B,22.29,16.09,-0.37%,3243622
686,687,TAP,Molson Coors Beverage Company,Consumer Defensive,Beverages - Brewers,USA,13.52B,-,66.28,-0.48%,2521434
687,688,TCOM,Trip.com Group Limited,Consumer Cyclical,Travel Services,China,24.60B,30.03,36.0,0.39%,4066634
688,689,TD,The Toronto-Dominion Bank,Financial,Banks - Diversified,Canada,111.02B,10.22,61.16,0.30%,1978473
689,690,TDG,TransDigm Group Incorporated,Industrials,Aerospace & Defense,USA,45.30B,49.04,815.89,-1.06%,402828
690,691,TDY,Teledyne Technologies Incorporated,Technology,Scientific & Technical Instruments,USA,19.24B,25.71,406.43,-0.63%,371773
691,692,TEAM,Atlassian Corporation,Technology,Software - Application,Australia,46.82B,-,177.8,-2.41%,2681970
692,693,TECH,Bio-Techne Corporation,Healthcare,Biotechnology,USA,12.06B,46.97,78.49,2.45%,2738282
693,694,TECK,Teck Resources Limited,Basic Materials,Other Industrial Metals & Mining,Canada,22.47B,8.02,41.96,-3.05%,5793344
694,695,TEF,"Telefonica, S.A.",Communication Services,Telecom Services,Spain,23.00B,14.51,3.86,-3.26%,8259581
695,696,TEL,TE Connectivity Ltd.,Technology,Electronic Components,Switzerland,42.05B,20.48,135.65,1.66%,3289220
696,697,TER,"Teradyne, Inc.",Technology,Semiconductor Equipment & Materials,USA,17.07B,29.23,111.06,0.88%,3380416
697,698,TFC,Truist Financial Corporation,Financial,Banks - Regional,USA,42.91B,7.10,31.9,-0.99%,21743230
698,699,TFII,TFI International Inc.,Industrials,Trucking,Canada,12.04B,9.21,106.25,0.09%,497704
699,700,TFX,Teleflex Incorporated,Healthcare,Medical Instruments & Supplies,USA,11.69B,32.89,252.4,1.45%,443037
700,701,TGT,Target Corporation,Consumer Defensive,Discount Stores,USA,63.62B,22.76,133.81,-2.92%,9828359
701,702,TJX,"The TJX Companies, Inc.",Consumer Cyclical,Apparel Retail,USA,93.64B,25.05,81.26,-0.27%,8389040
702,703,TLK,Perusahaan Perseroan (Persero) PT Telekomunikasi Indonesia Tbk,Communication Services,Telecom Services,Indonesia,26.32B,19.50,26.71,-1.37%,191206
703,704,TM,Toyota Motor Corporation,Consumer Cyclical,Auto Manufacturers,Japan,270.25B,12.85,164.35,-2.28%,420417
704,705,TME,Tencent Music Entertainment Group,Communication Services,Internet Content & Information,China,14.29B,21.64,8.03,-3.60%,12469524
705,706,TMO,Thermo Fisher Scientific Inc.,Healthcare,Diagnostics & Research,USA,206.40B,35.00,537.3,0.41%,3423931
706,707,TMUS,"T-Mobile US, Inc.",Communication Services,Telecom Services,USA,159.30B,39.19,130.93,-1.38%,13010625
707,708,TOST,"Toast, Inc.",Technology,Software - Infrastructure,USA,12.22B,-,21.71,-5.73%,10594518
708,709,TPL,Texas Pacific Land Corporation,Energy,Oil & Gas E&P,USA,10.47B,24.10,1358.6,-0.26%,61981
709,710,TPR,"Tapestry, Inc.",Consumer Cyclical,Luxury Goods,USA,10.07B,11.81,43.37,-0.16%,3637112
710,711,TRGP,Targa Resources Corp.,Energy,Oil & Gas Midstream,USA,16.25B,18.61,71.79,-0.17%,2758195
711,712,TRI,Thomson Reuters Corporation,Industrials,Specialty Business Services,Canada,60.44B,55.90,129.79,1.10%,477517
712,713,TRMB,Trimble Inc.,Technology,Scientific & Technical Instruments,USA,13.11B,28.06,52.67,-0.47%,1927766
713,714,TROW,"T. Rowe Price Group, Inc.",Financial,Asset Management,USA,25.76B,18.73,114.18,-0.44%,2841191
714,715,TRP,TC Energy Corporation,Energy,Oil & Gas Midstream,Canada,41.93B,33.41,40.59,-1.53%,3513223
715,716,TRU,TransUnion,Industrials,Consulting Services,USA,14.70B,56.96,75.47,-0.80%,2190130
716,717,TRV,"The Travelers Companies, Inc.",Financial,Insurance - Property & Casualty,USA,40.65B,15.06,176.75,0.44%,2317854
717,718,TS,Tenaris S.A.,Energy,Oil & Gas Equipment & Services,Luxembourg,16.65B,5.25,28.25,-0.88%,2825215
718,719,TSCO,Tractor Supply Company,Consumer Cyclical,Specialty Retail,USA,24.18B,22.53,218.93,-0.80%,1558121
719,720,TSLA,"Tesla, Inc.",Consumer Cyclical,Auto Manufacturers,USA,811.08B,76.70,260.54,1.81%,167208920
720,721,TSM,Taiwan Semiconductor Manufacturing Company Limited,Technology,Semiconductors,Taiwan,498.66B,16.29,104.57,-0.58%,11421795
721,722,TSN,"Tyson Foods, Inc.",Consumer Defensive,Farm Products,USA,17.86B,12.06,50.39,0.36%,4114947
722,723,TT,Trane Technologies plc,Industrials,Building Products & Equipment,Ireland,42.25B,23.97,187.06,0.98%,2099893
723,724,TTC,The Toro Company,Industrials,Tools & Accessories,USA,10.15B,19.88,97.43,-0.27%,1315737
724,725,TTD,"The Trade Desk, Inc.",Technology,Software - Application,USA,37.77B,534.48,76.43,-1.09%,2921283
725,726,TTE,TotalEnergies SE,Energy,Oil & Gas Integrated,France,146.97B,7.11,58.04,-1.17%,1517747
726,727,TTWO,"Take-Two Interactive Software, Inc.",Communication Services,Electronic Gaming & Multimedia,USA,23.23B,-,138.64,1.05%,2375485
727,728,TU,TELUS Corporation,Communication Services,Telecom Services,Canada,27.43B,25.13,19.5,1.30%,2264683
728,729,TW,Tradeweb Markets Inc.,Financial,Capital Markets,USA,15.07B,47.26,70.79,-0.59%,1337179
729,730,TWLO,Twilio Inc.,Communication Services,Internet Content & Information,USA,12.52B,-,67.65,-0.62%,3283058
730,731,TXN,Texas Instruments Incorporated,Technology,Semiconductors,USA,161.64B,19.83,176.76,-0.75%,10168802
731,732,TXT,Textron Inc.,Industrials,Aerospace & Defense,USA,13.40B,16.42,66.64,0.32%,2970835
732,733,TYL,"Tyler Technologies, Inc.",Technology,Software - Application,USA,16.54B,107.60,393.8,-0.20%,776887
733,734,U,Unity Software Inc.,Technology,Software - Application,USA,15.78B,-,42.56,2.14%,32789081
734,735,UAL,"United Airlines Holdings, Inc.",Industrials,Airlines,USA,17.57B,9.34,53.5,-0.15%,6804471
735,736,UBER,"Uber Technologies, Inc.",Technology,Software - Application,USA,87.75B,-,43.52,0.37%,27938167
736,737,UBS,UBS Group AG,Financial,Banks - Diversified,Switzerland,70.87B,10.43,20.41,-0.05%,2524973
737,738,UDR,"UDR, Inc.",Real Estate,REIT - Residential,USA,14.16B,142.36,43.42,0.91%,3777969
738,739,UHS,"Universal Health Services, Inc.",Healthcare,Medical Care Facilities,USA,10.38B,15.79,148.62,0.55%,1485098
739,740,UI,Ubiquiti Inc.,Technology,Communication Equipment,USA,11.30B,28.41,186.3,-0.40%,150837
740,741,UL,Unilever PLC,Consumer Defensive,Household & Personal Products,United Kingdom,128.12B,15.89,51.93,1.07%,2911364
741,742,ULTA,"Ulta Beauty, Inc.",Consumer Cyclical,Specialty Retail,USA,22.47B,18.22,447.91,-0.72%,1864711
742,743,UMC,United Microelectronics Corporation,Technology,Semiconductors,Taiwan,22.17B,8.08,8.75,-1.91%,9943340
743,744,UNH,UnitedHealth Group Incorporated,Healthcare,Healthcare Plans,USA,433.76B,20.97,458.49,-1.59%,7653910
744,745,UNP,Union Pacific Corporation,Industrials,Railroads,USA,125.55B,18.09,204.67,-0.61%,4136995
745,746,UPS,"United Parcel Service, Inc.",Industrials,Integrated Freight & Logistics,USA,153.74B,14.43,178.58,-0.23%,8463807
746,747,URI,"United Rentals, Inc.",Industrials,Rental & Leasing Services,USA,28.18B,12.93,403.09,-1.68%,1132909
747,748,USB,U.S. Bancorp,Financial,Banks - Regional,USA,51.03B,8.92,33.45,0.48%,30107769
748,749,UTHR,United Therapeutics Corporation,Healthcare,Biotechnology,USA,10.76B,15.5,230.26,0.29%,658765
749,750,V,Visa Inc.,Financial,Credit Services,USA,463.46B,30.57,228.91,1.21%,13291117
750,751,VALE,Vale S.A.,Basic Materials,Other Industrial Metals & Mining,Brazil,65.64B,4.37,14.44,-0.21%,20756653
751,752,VEEV,Veeva Systems Inc.,Healthcare,Health Information Services,USA,32.26B,55.65,200.05,-0.63%,1509124
752,753,VICI,VICI Properties Inc.,Real Estate,REIT - Diversified,USA,32.68B,22.76,32.34,-0.61%,7535957
753,754,VIPS,Vipshop Holdings Limited,Consumer Cyclical,Internet Retail,China,10.32B,11.13,17.79,-2.95%,6414563
754,755,VIV,Telefonica Brasil S.A.,Communication Services,Telecom Services,Brazil,15.25B,17.32,8.99,-2.07%,4340727
755,756,VLO,Valero Energy Corporation,Energy,Oil & Gas Refining & Marketing,USA,41.22B,3.25,114.21,0.16%,9936576
756,757,VMC,Vulcan Materials Company,Basic Materials,Building Materials,USA,27.80B,44.42,207.31,-0.78%,1258642
757,758,VMW,"VMware, Inc.",Technology,Software - Infrastructure,USA,61.27B,46.68,141.36,-0.72%,3006736
758,759,VOD,Vodafone Group Public Limited Company,Communication Services,Telecom Services,United Kingdom,25.24B,2.01,9.47,-0.11%,4151841
759,760,VRSK,"Verisk Analytics, Inc.",Industrials,Consulting Services,USA,32.51B,48.16,224.52,-0.02%,4246538
760,761,VRSN,"VeriSign, Inc.",Technology,Software - Infrastructure,USA,23.39B,34.32,223.69,-0.45%,1050686
761,762,VRTX,Vertex Pharmaceuticals Incorporated,Healthcare,Biotechnology,USA,89.91B,27.71,347.89,-0.34%,2613300
762,763,VTR,"Ventas, Inc.",Real Estate,REIT - Healthcare Facilities,USA,18.45B,-,46.08,-0.11%,2974702
763,764,VTRS,Viatris Inc.,Healthcare,Drug Manufacturers - Specialty & Generic,USA,11.92B,6.58,10.29,3.52%,23640566
764,765,VZ,Verizon Communications Inc.,Communication Services,Telecom Services,USA,153.19B,7.10,36.46,0.05%,36072184
765,766,WAB,Westinghouse Air Brake Technologies Corporation,Industrials,Railroads,USA,18.39B,28.84,103.64,1.37%,2174887
766,767,WAT,Waters Corporation,Healthcare,Diagnostics & Research,USA,15.83B,23.42,269.2,0.41%,1648333
767,768,WBA,"Walgreens Boots Alliance, Inc.",Healthcare,Pharmaceutical Retailers,USA,27.63B,-,32.67,2.03%,16013422
768,769,WBD,"Warner Bros. Discovery, Inc.",Communication Services,Entertainment,USA,31.99B,-,12.8,-2.51%,46108592
769,770,WCN,"Waste Connections, Inc.",Industrials,Waste Management,Canada,35.39B,41.58,137.54,0.08%,934625
770,771,WDAY,"Workday, Inc.",Technology,Software - Application,USA,58.41B,-,222.4,-0.85%,3312226
771,772,WDC,Western Digital Corporation,Technology,Computer Hardware,USA,13.14B,-,40.47,-1.48%,5538206
772,773,WDS,Woodside Energy Group Ltd,Energy,Oil & Gas E&P,Australia,46.58B,5.63,24.73,2.91%,1078992
773,774,WEC,"WEC Energy Group, Inc.",Utilities,Utilities - Regulated Electric,USA,28.89B,21.41,91.43,-0.16%,1965530
774,775,WELL,Welltower Inc.,Real Estate,REIT - Healthcare Facilities,USA,39.84B,335.04,80.41,0.32%,11636337
775,776,WES,"Western Midstream Partners, LP",Energy,Oil & Gas Midstream,USA,10.43B,9.79,27.15,0.11%,2806118
776,777,WFC,Wells Fargo & Company,Financial,Banks - Diversified,USA,158.94B,12.04,42.18,-0.42%,36399112
777,778,WIT,Wipro Limited,Technology,Information Technology Services,India,26.02B,18.46,4.67,-0.64%,3247138
778,779,WLK,Westlake Corporation,Basic Materials,Specialty Chemicals,USA,14.77B,7.89,114.7,-0.85%,676610
779,780,WM,"Waste Management, Inc.",Industrials,Waste Management,USA,66.80B,30.18,165.03,0.51%,2417208
780,781,WMB,"The Williams Companies, Inc.",Energy,Oil & Gas Midstream,USA,37.24B,14.41,30.53,-0.13%,14128112
781,782,WMG,Warner Music Group Corp.,Communication Services,Entertainment,USA,13.86B,33.20,27.16,1.12%,2024042
782,783,WMT,Walmart Inc.,Consumer Defensive,Discount Stores,USA,424.74B,37.49,155.53,-1.39%,11531691
783,784,WPC,W. P. Carey Inc.,Real Estate,REIT - Diversified,USA,15.03B,19.79,70.34,0.13%,1728071
784,785,WPM,Wheaton Precious Metals Corp.,Basic Materials,Gold,Canada,20.22B,32.59,44.87,0.43%,3414523
785,786,WPP,WPP plc,Communication Services,Advertising Agencies,United Kingdom,11.84B,14.34,56.31,0.88%,345666
786,787,WRB,W. R. Berkley Corporation,Financial,Insurance - Property & Casualty,USA,15.23B,15.24,59.28,1.51%,3783795
787,788,WSO,"Watsco, Inc.",Industrials,Industrial Distribution,USA,16.21B,23.90,366.58,-0.17%,461141
788,789,WST,"West Pharmaceutical Services, Inc.",Healthcare,Medical Instruments & Supplies,USA,26.71B,50.16,362.04,0.62%,1129299
789,790,WTRG,"Essential Utilities, Inc.",Utilities,Utilities - Regulated Water,USA,11.01B,24.34,41.43,-0.50%,2128171
790,791,WTW,Willis Towers Watson Public Limited Company,Financial,Insurance Brokers,United Kingdom,24.76B,22.56,235.0,1.00%,1719948
791,792,WY,Weyerhaeuser Company,Real Estate,REIT - Specialty,USA,22.53B,18.28,31.0,0.78%,15280621
792,793,WYNN,"Wynn Resorts, Limited",Consumer Cyclical,Resorts & Casinos,USA,11.90B,-,103.73,-0.80%,2265369
793,794,XEL,Xcel Energy Inc.,Utilities,Utilities - Regulated Electric,USA,35.40B,19.77,63.92,-0.62%,6368672
794,795,XM,Qualtrics International Inc.,Technology,Software - Application,USA,10.95B,-,18.07,0.11%,4475947
795,796,XOM,Exxon Mobil Corporation,Energy,Oil & Gas Integrated,USA,428.11B,7.12,105.13,-0.72%,43103014
796,797,XP,XP Inc.,Financial,Capital Markets,Cayman Islands,12.25B,16.93,22.13,1.24%,4860742
797,798,XPEV,XPeng Inc.,Consumer Cyclical,Auto Manufacturers,China,10.01B,-,11.38,-1.81%,17459063
798,799,XYL,Xylem Inc.,Industrials,Specialty Industrial Machinery,USA,27.13B,55.23,113.44,0.09%,3473229
799,800,YPF,YPF Sociedad Anonima,Energy,Oil & Gas Integrated,Argentina,10.74B,4.42,14.55,8.18%,4696623
800,801,YUM,"Yum! Brands, Inc.",Consumer Cyclical,Restaurants,USA,38.99B,32.51,138.58,-0.45%,3747820
801,802,YUMC,"Yum China Holdings, Inc.",Consumer Cyclical,Restaurants,China,24.70B,39.87,59.4,0.44%,2503321
802,803,Z,"Zillow Group, Inc.",Communication Services,Internet Content & Information,USA,10.87B,-,46.68,-3.07%,10275926
803,804,ZBH,"Zimmer Biomet Holdings, Inc.",Healthcare,Medical Devices,USA,29.74B,67.43,144.1,1.07%,2812522
804,805,ZBRA,Zebra Technologies Corporation,Technology,Communication Equipment,USA,14.63B,35.94,282.4,-0.76%,636690
805,806,ZG,"Zillow Group, Inc.",Communication Services,Internet Content & Information,USA,11.21B,-,45.76,-2.95%,432473
806,807,ZI,ZoomInfo Technologies Inc.,Technology,Software - Application,USA,11.43B,106.85,26.82,-5.56%,58345498
807,808,ZM,"Zoom Video Communications, Inc.",Technology,Software - Application,USA,20.81B,-,70.06,0.17%,4728349
808,809,ZS,"Zscaler, Inc.",Technology,Software - Infrastructure,USA,23.10B,-,154.01,-2.73%,3207002
809,810,ZTO,ZTO Express (Cayman) Inc.,Industrials,Integrated Freight & Logistics,China,22.85B,21.39,27.46,-1.79%,5890676
810,811,ZTS,Zoetis Inc.,Healthcare,Drug Manufacturers - Specialty & Generic,USA,79.22B,38.56,170.74,-0.40%,3285481
